customer_id,age,gender,city,product_category,purchase_amount,purchase_date,rating,discount_pct,returned,purchase_month,purchase_month_name,net_amount,age_group
CUST01097,35,Female,Jaipur,Books,2257.855,2023-10-09,4.5,20,False,10,Oct,1806.28,26–35
CUST00081,32,Male,Delhi,Grocery,254.19,2023-05-17,4.0,10,False,5,May,228.77,26–35
CUST01055,28,Male,Lucknow,Grocery,3452.22,2023-02-16,3.0,20,False,2,Feb,2761.78,26–35
CUST00281,36,Male,Chennai,Grocery,4007.57,2023-08-25,3.0,0,False,8,Aug,4007.57,36–45
CUST00144,37,Male,Jaipur,Clothing,1745.73,2023-07-15,4.0,0,False,7,Jul,1745.73,36–45
CUST00650,43,Male,Pune,Home & Kitchen,4998.13,2023-05-01,4.5,0,False,5,May,4998.13,36–45
CUST00862,18,Male,Kolkata,Home & Kitchen,1512.85,2023-07-27,4.0,15,False,7,Jul,1285.92,18–25
CUST00064,20,Female,Mumbai,Home & Kitchen,2630.83,2023-01-24,3.5,5,False,1,Jan,2499.29,18–25
CUST00727,35,Male,Chennai,Beauty,7516.03,2023-05-23,4.0,10,False,5,May,6764.43,26–35
CUST01038,18,Male,Pune,Electronics,2450.63,2023-10-28,3.5,15,False,10,Oct,2083.04,18–25
CUST00402,27,Female,Jaipur,Books,1422.99,2023-05-20,4.5,20,False,5,May,1138.39,26–35
CUST00616,36,Male,Hyderabad,Sports,4604.17,2023-08-26,4.5,20,False,8,Aug,3683.34,36–45
CUST00535,27,Male,Lucknow,Sports,2017.44,2023-03-05,4.0,30,False,3,Mar,1412.21,26–35
CUST00760,43,Male,Jaipur,Electronics,2399.73,2023-11-07,4.0,20,False,11,Nov,1919.78,36–45
CUST00598,23,Male,Pune,Electronics,1546.62,2023-11-19,3.5,0,False,11,Nov,1546.62,18–25
CUST00295,39,Non-binary,Kolkata,Beauty,1446.89,2023-09-06,4.0,25,False,9,Sep,1085.17,36–45
CUST00379,61,Female,Bangalore,Home & Kitchen,2218.06,2023-05-06,3.0,10,False,5,May,1996.25,55+
CUST00087,45,Female,Mumbai,Books,6549.34,2023-11-22,4.0,20,True,11,Nov,5239.47,36–45
CUST00058,31,Non-binary,Delhi,Beauty,1830.03,2023-11-13,1.0,25,False,11,Nov,1372.52,26–35
CUST00591,35,Female,Bangalore,Clothing,518.83,2023-01-24,4.0,30,False,1,Jan,363.18,26–35
CUST00807,37,Female,Jaipur,Sports,3218.14,2023-09-25,4.0,15,False,9,Sep,2735.42,36–45
CUST00108,37,Male,,Home & Kitchen,6909.88,2023-04-19,2.5,10,False,4,Apr,6218.89,36–45
CUST00530,24,Female,Hyderabad,Books,1500.23,2023-12-07,4.0,0,False,12,Dec,1500.23,18–25
CUST01133,54,Female,Bangalore,Grocery,1764.4,2023-03-16,3.5,0,False,3,Mar,1764.4,46–55
CUST00580,,,Hyderabad,Electronics,453.67,2023-11-21,4.0,15,False,11,Nov,385.62,
CUST00267,54,Male,Pune,Books,214.36,2023-02-20,4.5,0,False,2,Feb,214.36,46–55
CUST00110,34,Male,Jaipur,Books,911.5,2023-06-11,4.0,0,False,6,Jun,911.5,26–35
CUST00215,35,Male,Delhi,Grocery,258.08,2023-07-11,4.0,5,False,7,Jul,245.18,26–35
CUST00503,18,Female,Mumbai,Toys,1532.61,2023-05-16,1.0,10,False,5,May,1379.35,18–25
CUST00224,18,Male,Bangalore,Books,3842.99,2023-01-11,2.5,15,False,1,Jan,3266.54,18–25
CUST00384,28,Female,Ahmedabad,Sports,2060.9,2023-10-06,4.0,15,True,10,Oct,1751.76,26–35
CUST00746,26,Male,Delhi,Clothing,1817.14,2023-03-20,2.5,15,False,3,Mar,1544.57,26–35
CUST00344,28,Male,Bangalore,Home & Kitchen,1283.3,2023-11-14,3.5,15,False,11,Nov,1090.8,26–35
CUST00943,42,Female,Ahmedabad,Sports,841.42,2023-02-13,4.0,20,False,2,Feb,673.14,36–45
CUST01141,31,Male,Jaipur,Toys,1697.44,2023-08-01,3.0,10,False,8,Aug,1527.7,26–35
CUST00708,56,Male,Jaipur,Electronics,2120.25,2023-10-31,2.0,5,False,10,Oct,2014.24,55+
CUST00730,25,Male,Kolkata,Grocery,1764.4,2023-02-11,4.0,20,False,2,Feb,1411.52,18–25
CUST00526,18,Male,Bangalore,Books,5255.86,2023-04-11,3.5,20,False,4,Apr,4204.69,18–25
CUST01174,34,Female,Ahmedabad,Books,3821.93,2023-07-15,4.0,25,False,7,Jul,2866.45,26–35
CUST00680,50,Female,Mumbai,Grocery,1764.4,2023-09-02,3.5,15,False,9,Sep,1499.74,46–55
CUST00390,28,Female,Mumbai,Sports,4358.13,2023-01-05,4.0,10,False,1,Jan,3922.32,26–35
CUST00361,41,Male,Lucknow,Electronics,989.77,2023-11-27,3.0,20,False,11,Nov,791.82,36–45
CUST00665,35,Male,Bangalore,Toys,50.0,2023-08-01,1.5,20,False,8,Aug,40.0,26–35
CUST00814,37,Male,Bangalore,Beauty,1370.6,2023-08-12,2.5,15,True,8,Aug,1165.01,36–45
CUST00270,36,Female,Hyderabad,Toys,3665.76,2023-06-23,4.5,0,False,6,Jun,3665.76,36–45
CUST01177,18,Male,Lucknow,Clothing,1268.77,2023-11-30,4.0,0,False,11,Nov,1268.77,18–25
CUST00147,20,Male,Ahmedabad,Electronics,1145.32,2023-09-28,4.0,10,False,9,Sep,1030.79,18–25
CUST00089,28,Male,Bangalore,Clothing,1274.22,2023-10-01,4.5,10,False,10,Oct,1146.8,26–35
CUST00705,18,Female,Bangalore,Sports,2765.61,2023-10-01,4.0,15,True,10,Oct,2350.77,18–25
CUST01062,18,Male,Lucknow,Sports,2017.44,2023-02-23,4.0,10,False,2,Feb,1815.7,18–25
CUST00130,28,Male,Ahmedabad,Sports,1289.51,2023-03-12,4.0,15,False,3,Mar,1096.08,26–35
CUST00475,54,Female,Jaipur,Beauty,6904.52,2023-08-29,5.0,0,False,8,Aug,6904.52,46–55
CUST00237,35,Male,Hyderabad,Toys,2692.28,2023-01-17,3.5,0,False,1,Jan,2692.28,26–35
CUST00429,47,Male,,Toys,750.39,2023-08-07,4.0,10,True,8,Aug,675.35,46–55
CUST00155,38,Male,Ahmedabad,Home & Kitchen,934.25,2023-05-17,3.5,20,False,5,May,747.4,36–45
CUST00255,18,Male,Kolkata,Grocery,1089.49,2023-02-18,3.5,0,False,2,Feb,1089.49,18–25
CUST00302,28,Female,Hyderabad,Home & Kitchen,2594.81,2023-01-02,3.0,15,False,1,Jan,2205.59,26–35
CUST00202,41,Male,Chennai,Home & Kitchen,368.67,2023-03-26,4.0,10,False,3,Mar,331.8,36–45
CUST01125,54,Female,Jaipur,Sports,2017.44,2023-12-28,3.5,0,False,12,Dec,2017.44,46–55
CUST00712,33,Female,Mumbai,Books,1425.54,2023-02-12,3.0,25,False,2,Feb,1069.16,26–35
CUST00235,60,Male,Bangalore,Home & Kitchen,1547.31,2023-04-28,4.0,0,False,4,Apr,1547.31,55+
CUST00293,27,Male,Pune,Books,1163.7,2023-03-27,4.0,25,False,3,Mar,872.78,26–35
CUST00154,37,Male,Kolkata,Home & Kitchen,1416.28,2023-10-02,3.5,20,False,10,Oct,1133.02,36–45
CUST00858,40,Male,Kolkata,Home & Kitchen,2327.11,2023-01-09,2.5,0,False,1,Jan,2327.11,36–45
CUST00129,35,Male,Lucknow,Grocery,210.95,2023-04-23,3.5,0,True,4,Apr,210.95,26–35
CUST01019,31,Male,Pune,Sports,661.17,2023-12-25,4.5,0,False,12,Dec,661.17,26–35
CUST00397,35,Female,Pune,Grocery,3885.18,2023-05-16,3.0,10,False,5,May,3496.66,26–35
CUST00260,44,Female,,Electronics,512.02,2023-08-05,1.0,15,False,8,Aug,435.22,36–45
CUST01020,40,Female,Mumbai,Books,824.75,2023-07-26,4.5,15,False,7,Jul,701.04,36–45
CUST00731,37,Male,Kolkata,Clothing,2513.52,2023-08-29,4.0,15,True,8,Aug,2136.49,36–45
CUST00962,50,Male,Chennai,Grocery,5589.42,2023-01-31,3.0,0,False,1,Jan,5589.42,46–55
CUST00969,34,Female,,Books,50.0,2023-12-05,4.5,10,False,12,Dec,45.0,26–35
CUST01009,47,Female,Pune,Clothing,1848.38,2023-03-26,4.0,10,False,3,Mar,1663.54,46–55
CUST00054,42,Male,Bangalore,Toys,976.58,2023-02-10,4.5,30,False,2,Feb,683.61,36–45
CUST00927,28,Male,Pune,Clothing,1905.64,2023-01-27,4.0,0,False,1,Jan,1905.64,26–35
CUST00915,33,Male,Ahmedabad,Clothing,2441.47,2023-03-06,3.0,0,False,3,Mar,2441.47,26–35
CUST00825,35,Male,,Electronics,2948.14,2023-11-09,3.5,0,True,11,Nov,2948.14,26–35
CUST00802,28,Male,Chennai,Clothing,50.0,2023-08-24,4.5,0,False,8,Aug,50.0,26–35
CUST00018,38,Female,Chennai,Home & Kitchen,1377.98,2023-04-30,3.0,5,False,4,Apr,1309.08,36–45
CUST01053,40,Male,Chennai,Toys,2482.64,2023-11-22,3.5,15,False,11,Nov,2110.24,36–45
CUST00377,45,Female,Chennai,Beauty,3952.09,2023-06-28,3.5,10,False,6,Jun,3556.88,36–45
CUST01010,28,Female,Pune,Toys,890.14,2023-06-07,4.0,0,False,6,Jun,890.14,26–35
CUST00914,53,Female,Kolkata,Beauty,5307.23,2023-12-24,3.0,0,False,12,Dec,5307.23,46–55
CUST00391,24,Male,Chennai,Clothing,1724.16,2023-12-08,4.0,25,False,12,Dec,1293.12,18–25
CUST00683,35,Female,Bangalore,Books,3398.58,2023-06-02,2.0,0,False,6,Jun,3398.58,26–35
CUST00999,28,Female,Jaipur,Grocery,202.07,2023-08-06,4.5,30,False,8,Aug,141.45,26–35
CUST00992,18,Female,Hyderabad,Electronics,3662.51,2023-12-18,4.5,25,False,12,Dec,2746.88,18–25
CUST00679,46,Male,Bangalore,Beauty,896.21,2023-07-14,2.5,0,True,7,Jul,896.21,46–55
CUST00272,18,Male,Jaipur,Clothing,1202.92,2023-05-08,5.0,25,False,5,May,902.19,18–25
CUST00178,35,Female,Chennai,Sports,160.79,2023-10-04,3.5,5,False,10,Oct,152.75,26–35
CUST01155,54,Male,Bangalore,Toys,335.4,2023-09-05,5.0,0,False,9,Sep,335.4,46–55
CUST00877,28,Female,Ahmedabad,Sports,853.57,2023-12-26,3.0,25,False,12,Dec,640.18,26–35
CUST00373,52,Male,Kolkata,Electronics,2973.68,2023-04-20,4.5,0,False,4,Apr,2973.68,46–55
CUST00672,18,Female,Ahmedabad,Toys,298.59,2023-04-16,4.5,10,True,4,Apr,268.73,18–25
CUST00212,48,Female,Lucknow,Home & Kitchen,1984.96,2023-07-24,2.5,15,False,7,Jul,1687.22,46–55
CUST00654,21,Female,Kolkata,Clothing,293.36,2023-10-04,4.0,10,True,10,Oct,264.02,18–25
CUST01046,45,Male,Mumbai,Home & Kitchen,1835.81,2023-09-23,2.5,30,False,9,Sep,1285.07,36–45
CUST00960,35,Male,Pune,Grocery,1445.75,2023-10-19,4.0,20,False,10,Oct,1156.6,26–35
CUST00003,42,Male,Mumbai,Clothing,7560.5,2023-01-13,3.0,0,False,1,Jan,7560.5,36–45
CUST01051,27,Female,Kolkata,Toys,836.14,2023-10-27,4.0,5,False,10,Oct,794.33,26–35
CUST00043,,,Ahmedabad,Beauty,1889.16,2023-07-14,1.5,0,False,7,Jul,1889.16,
CUST00820,47,Female,Jaipur,Sports,2044.75,2023-05-23,3.0,15,False,5,May,1738.04,46–55
CUST00263,18,Female,Mumbai,Electronics,2699.25,2023-01-28,3.5,15,False,1,Jan,2294.36,18–25
CUST00669,18,Male,Ahmedabad,Beauty,4421.01,2023-08-27,5.0,10,False,8,Aug,3978.91,18–25
CUST00254,47,Male,Chennai,Sports,3343.84,2023-04-08,4.0,5,False,4,Apr,3176.65,46–55
CUST00851,27,Female,Hyderabad,Toys,2594.89,2023-05-04,4.0,0,False,5,May,2594.89,26–35
CUST00676,36,Non-binary,Kolkata,Toys,692.33,2023-12-23,2.0,10,False,12,Dec,623.1,36–45
CUST00234,27,Female,Kolkata,Sports,5800.91,2023-01-31,5.0,20,False,1,Jan,4640.73,26–35
CUST00496,41,Male,Pune,Grocery,304.77,2023-10-02,4.5,10,False,10,Oct,274.29,36–45
CUST00710,35,Male,Hyderabad,Electronics,1407.17,2023-12-06,4.5,0,False,12,Dec,1407.17,26–35
CUST00125,42,Male,Mumbai,Beauty,5063.46,2023-08-08,4.0,0,False,8,Aug,5063.46,36–45
CUST00066,51,Male,Delhi,Clothing,980.14,2023-04-27,3.5,20,True,4,Apr,784.11,46–55
CUST00803,36,Male,Kolkata,Books,2527.16,2023-12-29,4.0,0,False,12,Dec,2527.16,36–45
CUST01027,35,Female,Mumbai,Sports,640.55,2023-11-03,4.0,10,True,11,Nov,576.5,26–35
CUST00339,39,Male,Jaipur,Home & Kitchen,50.0,2023-10-19,3.0,15,False,10,Oct,42.5,36–45
CUST01124,21,Non-binary,Ahmedabad,Grocery,1256.86,2023-09-18,1.0,0,True,9,Sep,1256.86,18–25
CUST00866,30,Female,Mumbai,Toys,69.81,2023-12-06,3.0,0,False,12,Dec,69.81,26–35
CUST00743,27,Male,Ahmedabad,Books,2359.03,2023-04-13,4.5,10,True,4,Apr,2123.13,26–35
CUST00305,34,Male,Chennai,Toys,4939.87,2023-08-21,3.5,20,False,8,Aug,3951.9,26–35
CUST00306,36,Female,Chennai,Toys,4685.37,2023-05-27,2.0,10,False,5,May,4216.83,36–45
CUST01101,46,Female,Bangalore,Electronics,1417.3,2023-12-24,4.0,15,False,12,Dec,1204.7,46–55
CUST00768,56,Male,Delhi,Beauty,352.44,2023-10-22,2.0,0,False,10,Oct,352.44,55+
CUST00983,23,Female,Lucknow,Home & Kitchen,1661.84,2023-05-30,5.0,10,False,5,May,1495.66,18–25
CUST00772,28,Male,Pune,Sports,1323.41,2023-04-12,4.0,0,False,4,Apr,1323.41,26–35
CUST00624,51,Female,Jaipur,Sports,180.46,2023-12-08,3.5,5,False,12,Dec,171.44,46–55
CUST01129,34,Male,Ahmedabad,Beauty,1146.32,2023-08-30,3.5,0,False,8,Aug,1146.32,26–35
CUST00719,30,Female,Lucknow,Sports,2239.37,2023-05-14,4.0,0,False,5,May,2239.37,26–35
CUST00352,52,Male,Hyderabad,Electronics,3828.78,2023-05-14,2.5,30,False,5,May,2680.15,46–55
CUST00645,32,Male,Jaipur,Grocery,2777.21,2023-05-03,2.5,25,False,5,May,2082.91,26–35
CUST01031,31,Male,Jaipur,Electronics,1107.19,2023-11-06,3.0,30,False,11,Nov,775.03,26–35
CUST00532,18,Female,Delhi,Toys,3696.16,2023-11-16,4.0,15,False,11,Nov,3141.74,18–25
CUST00273,48,Male,Mumbai,Sports,575.7,2023-04-09,1.5,15,False,4,Apr,489.34,46–55
CUST00776,18,Female,Jaipur,Home & Kitchen,925.39,2023-11-18,2.5,10,False,11,Nov,832.85,18–25
CUST00200,21,Male,Ahmedabad,Toys,752.13,2023-09-01,4.0,0,False,9,Sep,752.13,18–25
CUST00619,40,Female,Ahmedabad,Clothing,2513.78,2023-05-08,5.0,5,False,5,May,2388.09,36–45
CUST00161,23,Male,Delhi,Sports,2416.25,2023-03-22,4.0,15,False,3,Mar,2053.81,18–25
CUST00601,35,Male,Bangalore,Beauty,1704.1,2023-12-23,4.0,10,False,12,Dec,1533.69,26–35
CUST00639,19,Male,Delhi,Books,5123.82,2023-05-07,2.0,20,False,5,May,4099.06,18–25
CUST00173,35,Female,Mumbai,Sports,383.6,2023-11-08,2.0,10,False,11,Nov,345.24,26–35
CUST00510,25,Male,Kolkata,Beauty,1326.57,2023-08-12,3.5,10,False,8,Aug,1193.91,18–25
CUST00026,36,Female,Lucknow,Sports,4965.74,2023-10-07,4.5,5,False,10,Oct,4717.45,36–45
CUST01014,26,Male,Hyderabad,Home & Kitchen,3069.69,2023-08-13,2.5,15,False,8,Aug,2609.24,26–35
CUST01118,34,Male,Lucknow,Sports,874.96,2023-08-25,1.0,20,True,8,Aug,699.97,26–35
CUST00300,42,Male,Pune,Sports,549.97,2023-03-26,5.0,25,False,3,Mar,412.48,36–45
CUST01105,48,Male,Kolkata,Grocery,1154.35,2023-11-19,4.5,5,True,11,Nov,1096.63,46–55
CUST00416,26,Female,Hyderabad,Grocery,1210.59,2023-11-21,4.0,20,False,11,Nov,968.47,26–35
CUST00707,19,Male,Mumbai,Grocery,5279.48,2023-07-21,3.0,15,False,7,Jul,4487.56,18–25
CUST00779,34,Male,Mumbai,Electronics,4303.69,2023-12-23,4.0,10,False,12,Dec,3873.32,26–35
CUST00354,33,Male,Jaipur,Grocery,50.0,2023-12-09,3.5,20,False,12,Dec,40.0,26–35
CUST00540,28,Male,Pune,Clothing,2673.46,2023-07-29,4.0,20,False,7,Jul,2138.77,26–35
CUST00320,33,Female,Lucknow,Electronics,450.25,2023-06-10,3.0,0,False,6,Jun,450.25,26–35
CUST00822,51,Female,Pune,Beauty,3265.69,2023-05-05,4.0,30,False,5,May,2285.98,46–55
CUST00451,34,Male,Jaipur,Toys,146.87,2023-05-08,2.5,25,False,5,May,110.15,26–35
CUST00258,26,Male,Kolkata,Toys,3725.29,2023-08-09,1.5,30,False,8,Aug,2607.7,26–35
CUST00225,29,Male,Jaipur,Grocery,5566.02,2023-10-29,3.75,0,False,10,Oct,5566.02,26–35
CUST00102,29,Male,Jaipur,Toys,3083.89,2023-04-28,3.0,10,False,4,Apr,2775.5,26–35
CUST00936,28,Male,Ahmedabad,Grocery,402.76,2023-11-19,4.0,30,False,11,Nov,281.93,26–35
CUST00528,35,Female,Delhi,Toys,5111.7,2023-08-09,3.5,0,False,8,Aug,5111.7,26–35
CUST00318,31,Female,Pune,Electronics,6927.0,2023-10-05,5.0,10,False,10,Oct,6234.3,26–35
CUST00954,52,Female,Kolkata,Clothing,3615.41,2023-08-19,4.5,5,False,8,Aug,3434.64,46–55
CUST00897,32,Male,Hyderabad,Toys,1451.52,2023-05-25,4.5,15,False,5,May,1233.79,26–35
CUST00579,18,Male,Jaipur,Sports,2517.39,2023-12-06,4.0,0,False,12,Dec,2517.39,18–25
CUST00632,53,Female,Chennai,Grocery,1796.96,2023-08-07,4.0,15,False,8,Aug,1527.42,46–55
CUST00172,35,Male,Delhi,Sports,683.4,2023-09-17,3.0,25,False,9,Sep,512.55,26–35
CUST01157,26,Female,Pune,Sports,3675.91,2023-06-20,4.5,0,False,6,Jun,3675.91,26–35
CUST01015,55,Male,Hyderabad,Toys,128.83,2023-03-05,4.5,0,False,3,Mar,128.83,46–55
CUST00246,30,Female,Lucknow,Beauty,2850.37,2023-10-04,4.0,10,False,10,Oct,2565.33,26–35
CUST00896,42,Female,Bangalore,Books,4484.15,2023-11-02,4.0,30,False,11,Nov,3138.9,36–45
CUST00995,22,Male,Ahmedabad,Sports,4675.73,2023-11-17,4.0,15,False,11,Nov,3974.37,18–25
CUST01183,46,Male,Delhi,Sports,3440.31,2023-10-30,2.0,0,False,10,Oct,3440.31,46–55
CUST00301,25,Female,Mumbai,Beauty,5449.26,2023-07-14,2.5,20,False,7,Jul,4359.41,18–25
CUST00891,44,Male,Pune,Beauty,1948.98,2023-04-21,3.0,30,False,4,Apr,1364.29,36–45
CUST00770,56,Non-binary,Chennai,Toys,1254.57,2023-07-12,4.0,20,False,7,Jul,1003.66,55+
CUST00500,18,Female,Pune,Toys,3076.09,2023-05-14,4.5,0,False,5,May,3076.09,18–25
CUST00663,34,Male,Hyderabad,Books,3505.67,2023-04-20,2.5,20,False,4,Apr,2804.54,26–35
CUST00723,18,Male,Bangalore,Electronics,275.16,2023-08-21,4.0,0,True,8,Aug,275.16,18–25
CUST00979,18,Male,Bangalore,Books,591.54,2023-08-19,3.5,10,True,8,Aug,532.39,18–25
CUST01042,29,Male,Chennai,Clothing,3128.99,2023-10-23,3.5,10,False,10,Oct,2816.09,26–35
CUST00049,39,Female,Mumbai,Electronics,801.07,2023-01-23,4.0,10,False,1,Jan,720.96,36–45
CUST00464,37,Female,Ahmedabad,Grocery,1764.4,2023-04-02,3.75,0,False,4,Apr,1764.4,36–45
CUST01117,63,Male,Bangalore,Electronics,2339.65,2023-02-28,3.5,20,False,2,Feb,1871.72,55+
CUST00854,49,Male,Kolkata,Home & Kitchen,186.03,2023-11-27,4.5,25,False,11,Nov,139.52,46–55
CUST01142,51,Female,Mumbai,Beauty,1295.0,2023-06-24,3.0,0,False,6,Jun,1295.0,46–55
CUST01131,38,Female,Bangalore,Books,295.59,2023-08-22,3.0,0,False,8,Aug,295.59,36–45
CUST00648,34,Female,Delhi,Home & Kitchen,1481.24,2023-02-09,3.5,10,False,2,Feb,1333.12,26–35
CUST00194,20,Male,Chennai,Electronics,3307.03,2023-09-06,5.0,10,False,9,Sep,2976.33,18–25
CUST00985,34,Male,Mumbai,Books,872.54,2023-04-29,4.0,10,True,4,Apr,785.29,26–35
CUST00343,37,Male,Delhi,Toys,261.12,2023-01-21,3.5,20,False,1,Jan,208.9,36–45
CUST00421,59,Non-binary,Mumbai,Toys,1018.08,2023-06-20,4.0,20,False,6,Jun,814.46,55+
CUST00031,27,Male,Mumbai,Home & Kitchen,2335.46,2023-05-23,3.0,0,False,5,May,2335.46,26–35
CUST00004,53,Male,Chennai,Toys,2300.82,2023-05-21,3.5,0,False,5,May,2300.82,46–55
CUST00214,42,Non-binary,Pune,Books,4650.48,2023-11-29,3.5,10,False,11,Nov,4185.43,36–45
CUST00860,42,Male,Pune,Home & Kitchen,614.41,2023-05-31,2.0,10,False,5,May,552.97,36–45
CUST00137,25,Male,Kolkata,Home & Kitchen,355.42,2023-11-18,5.0,20,False,11,Nov,284.34,18–25
CUST00690,40,Female,Jaipur,Electronics,512.43,2023-09-07,4.5,20,False,9,Sep,409.94,36–45
CUST00542,21,Female,Bangalore,Grocery,1196.78,2023-07-26,4.0,15,False,7,Jul,1017.26,18–25
CUST00873,18,Male,Chennai,Electronics,435.96,2023-08-06,3.5,15,False,8,Aug,370.57,18–25
CUST01104,33,Male,Delhi,Grocery,1149.96,2023-01-15,1.0,5,False,1,Jan,1092.46,26–35
CUST00561,38,Male,Jaipur,Beauty,810.53,2023-04-18,3.0,0,False,4,Apr,810.53,36–45
CUST01040,47,Female,Jaipur,Toys,2869.12,2023-12-11,3.5,10,False,12,Dec,2582.21,46–55
CUST00520,44,Male,Hyderabad,Grocery,748.11,2023-08-12,3.5,10,False,8,Aug,673.3,36–45
CUST00078,31,Male,Kolkata,Sports,2928.0,2023-07-01,2.5,10,False,7,Jul,2635.2,26–35
CUST00879,34,Male,Bangalore,Grocery,308.64,2023-05-19,3.0,5,False,5,May,293.21,26–35
CUST01061,44,Male,Chennai,Toys,3068.76,2023-12-10,4.5,10,False,12,Dec,2761.88,36–45
CUST01052,,,Kolkata,Books,359.18,2023-08-12,3.5,0,False,8,Aug,359.18,
CUST00704,18,Female,Mumbai,Electronics,6009.52,2023-11-15,3.0,0,False,11,Nov,6009.52,18–25
CUST00613,38,Female,Bangalore,Sports,2632.77,2023-04-01,3.5,10,False,4,Apr,2369.49,36–45
CUST00895,35,Male,Hyderabad,Sports,3587.68,2023-09-26,4.0,30,False,9,Sep,2511.38,26–35
CUST00655,65,Female,Kolkata,Grocery,1372.83,2023-02-11,4.0,5,False,2,Feb,1304.19,55+
CUST00799,35,Female,Jaipur,Electronics,2838.22,2023-08-10,4.0,15,False,8,Aug,2412.49,26–35
CUST01181,37,Female,Delhi,Electronics,707.91,2023-03-06,2.5,0,True,3,Mar,707.91,36–45
CUST00607,35,Male,Lucknow,Clothing,265.17,2023-12-02,3.5,30,False,12,Dec,185.62,26–35
CUST00833,22,Female,Chennai,Books,2257.855,2023-09-07,4.5,20,False,9,Sep,1806.28,18–25
CUST00017,22,Male,Delhi,Toys,4323.57,2023-04-22,3.5,20,False,4,Apr,3458.86,18–25
CUST00881,65,Male,Delhi,Books,942.07,2023-05-09,3.5,10,False,5,May,847.86,55+
CUST00671,49,Male,Jaipur,Home & Kitchen,5154.08,2023-02-01,4.0,10,False,2,Feb,4638.67,46–55
CUST00141,35,Female,Lucknow,Electronics,2330.12,2023-11-02,4.5,15,False,11,Nov,1980.6,26–35
CUST00467,42,Male,Jaipur,Sports,1900.47,2023-12-09,4.5,10,False,12,Dec,1710.42,36–45
CUST00855,52,Female,Mumbai,Home & Kitchen,1317.51,2023-12-31,1.5,0,False,12,Dec,1317.51,46–55
CUST00523,27,Female,Jaipur,Beauty,3534.18,2023-10-03,5.0,20,False,10,Oct,2827.34,26–35
CUST00637,44,Male,Kolkata,Electronics,2647.25,2023-08-19,4.5,25,False,8,Aug,1985.44,36–45
CUST00357,34,Female,Hyderabad,Books,3423.43,2023-05-16,2.0,0,False,5,May,3423.43,26–35
CUST00308,27,Male,Hyderabad,Toys,726.69,2023-12-23,4.0,15,False,12,Dec,617.69,26–35
CUST01012,37,Male,Chennai,Home & Kitchen,1735.99,2023-10-19,4.5,15,False,10,Oct,1475.59,36–45
CUST00988,45,Female,Delhi,Beauty,4491.6,2023-05-25,5.0,10,False,5,May,4042.44,36–45
CUST00519,36,Male,Ahmedabad,Home & Kitchen,562.12,2023-12-29,5.0,5,False,12,Dec,534.01,36–45
CUST00208,41,Male,Chennai,Clothing,4042.88,2023-10-04,4.5,25,True,10,Oct,3032.16,36–45
CUST00409,36,Female,Ahmedabad,Grocery,2572.01,2023-11-21,3.75,20,False,11,Nov,2057.61,36–45
CUST01044,35,Female,Chennai,Home & Kitchen,4073.57,2023-03-31,4.0,25,False,3,Mar,3055.18,26–35
CUST01137,49,Female,Kolkata,Clothing,1028.75,2023-09-18,4.0,20,False,9,Sep,823.0,46–55
CUST00823,62,Male,Ahmedabad,Sports,2640.98,2023-08-26,4.0,0,False,8,Aug,2640.98,55+
CUST00019,24,Male,Lucknow,Clothing,2753.16,2023-09-16,4.0,0,False,9,Sep,2753.16,18–25
CUST00790,,,Lucknow,Beauty,1151.33,2023-07-09,3.0,5,False,7,Jul,1093.76,
CUST00502,57,Female,Chennai,Toys,213.15,2023-10-25,3.0,10,False,10,Oct,191.84,55+
CUST00288,42,Male,,Books,2671.26,2023-11-30,4.5,10,False,11,Nov,2404.13,36–45
CUST00114,64,Male,Bangalore,Home & Kitchen,1812.52,2023-07-22,4.0,30,True,7,Jul,1268.76,55+
CUST00910,60,Female,Ahmedabad,Sports,2460.32,2023-01-24,4.5,25,False,1,Jan,1845.24,55+
CUST00100,35,Male,Chennai,Grocery,4372.72,2023-06-16,3.75,10,False,6,Jun,3935.45,26–35
CUST00296,35,Female,Pune,Home & Kitchen,2372.94,2023-09-04,3.5,15,False,9,Sep,2017.0,26–35
CUST00888,30,Female,Pune,Clothing,1233.62,2023-12-20,2.5,25,False,12,Dec,925.21,26–35
CUST00103,30,Male,Chennai,Toys,92.08,2023-01-17,3.0,15,False,1,Jan,78.27,26–35
CUST00721,38,Male,Hyderabad,Home & Kitchen,677.66,2023-06-17,3.5,15,False,6,Jun,576.01,36–45
CUST00387,39,Female,Mumbai,Clothing,2821.14,2023-11-10,4.0,5,False,11,Nov,2680.08,36–45
CUST00626,28,Female,Delhi,Books,4840.3,2023-10-14,2.5,20,False,10,Oct,3872.24,26–35
CUST00398,51,Female,Mumbai,Sports,1820.74,2023-03-01,5.0,5,True,3,Mar,1729.7,46–55
CUST00051,38,Female,Mumbai,Sports,223.88,2023-10-02,4.5,5,False,10,Oct,212.69,36–45
CUST00132,35,Male,Chennai,Sports,2968.21,2023-09-10,4.5,10,False,9,Sep,2671.39,26–35
CUST00599,29,Female,Mumbai,Sports,1537.07,2023-10-22,2.0,0,False,10,Oct,1537.07,26–35
CUST00351,38,Female,Pune,Books,1097.75,2023-06-11,2.5,15,False,6,Jun,933.09,36–45
CUST00380,25,Female,Pune,Sports,1639.5,2023-07-09,4.0,15,True,7,Jul,1393.58,18–25
CUST00841,34,Male,Mumbai,Grocery,3056.92,2023-05-22,3.75,10,False,5,May,2751.23,26–35
CUST00647,18,Male,Mumbai,Sports,294.12,2023-08-14,4.0,15,False,8,Aug,250.0,18–25
CUST00159,20,Male,Delhi,Clothing,2559.87,2023-05-31,4.0,15,False,5,May,2175.89,18–25
CUST00829,,,Mumbai,Electronics,1546.62,2023-01-15,4.0,10,False,1,Jan,1391.96,
CUST00021,52,Male,Lucknow,Books,2444.48,2023-01-14,2.5,0,False,1,Jan,2444.48,46–55
CUST00984,34,Male,Pune,Electronics,4407.48,2023-01-17,3.5,25,False,1,Jan,3305.61,26–35
CUST00455,28,Female,Pune,Beauty,5917.93,2023-10-14,2.0,5,False,10,Oct,5622.03,26–35
CUST00406,42,Male,Bangalore,Books,3326.33,2023-06-25,4.0,10,False,6,Jun,2993.7,36–45
CUST00366,30,Female,Mumbai,Sports,1148.39,2023-01-05,3.0,0,True,1,Jan,1148.39,26–35
CUST00971,36,Female,Pune,Home & Kitchen,2909.65,2023-03-22,4.0,15,False,3,Mar,2473.2,36–45
CUST00970,18,Female,Ahmedabad,Clothing,1619.69,2023-02-11,2.5,15,False,2,Feb,1376.74,18–25
CUST00842,43,Male,Chennai,Toys,2915.13,2023-10-12,4.5,20,False,10,Oct,2332.1,36–45
CUST00435,53,Male,Bangalore,Books,1532.09,2023-03-18,4.0,0,False,3,Mar,1532.09,46–55
CUST00986,21,Female,Mumbai,Electronics,50.0,2023-05-28,4.5,15,False,5,May,42.5,18–25
CUST00911,31,Female,Chennai,Books,2257.855,2023-01-28,1.5,0,False,1,Jan,2257.86,26–35
CUST00481,35,Male,Mumbai,Beauty,741.07,2023-04-27,4.0,5,False,4,Apr,704.02,26–35
CUST00404,35,Female,Kolkata,Home & Kitchen,623.12,2023-11-06,4.5,0,False,11,Nov,623.12,26–35
CUST00837,35,Male,Kolkata,Sports,959.99,2023-06-24,4.0,15,False,6,Jun,815.99,26–35
CUST00326,20,Non-binary,Pune,Sports,4592.46,2023-09-29,4.0,10,False,9,Sep,4133.21,18–25
CUST00437,54,Female,Ahmedabad,Home & Kitchen,358.18,2023-01-19,1.5,15,False,1,Jan,304.45,46–55
CUST00024,18,Male,Pune,Sports,459.85,2023-11-29,2.5,15,False,11,Nov,390.87,18–25
CUST01188,32,Female,Ahmedabad,Beauty,3845.0,2023-09-27,5.0,10,False,9,Sep,3460.5,26–35
CUST00189,24,Male,Pune,Toys,1493.61,2023-01-30,1.5,10,False,1,Jan,1344.25,18–25
CUST01043,47,Female,Jaipur,Books,4322.45,2023-01-21,4.5,0,False,1,Jan,4322.45,46–55
CUST01017,27,Male,Jaipur,Electronics,1546.62,2023-12-19,4.0,10,False,12,Dec,1391.96,26–35
CUST01167,51,Female,Pune,Electronics,50.0,2023-07-16,4.0,0,False,7,Jul,50.0,46–55
CUST01074,,,Lucknow,Books,5561.1,2023-02-15,5.0,20,False,2,Feb,4448.88,
CUST00008,44,Male,Jaipur,Toys,595.79,2023-02-22,4.0,15,False,2,Feb,506.42,36–45
CUST00587,29,Male,Lucknow,Grocery,3176.65,2023-04-26,3.5,20,False,4,Apr,2541.32,26–35
CUST00573,38,Male,Pune,Home & Kitchen,4069.05,2023-08-31,4.5,10,True,8,Aug,3662.15,36–45
CUST00713,35,Female,Pune,Home & Kitchen,3716.72,2023-11-26,4.0,0,False,11,Nov,3716.72,26–35
CUST00216,44,Male,Mumbai,Home & Kitchen,1674.75,2023-08-13,4.0,25,False,8,Aug,1256.06,36–45
CUST00220,35,Male,Mumbai,Clothing,1615.75,2023-05-07,2.5,10,True,5,May,1454.18,26–35
CUST00604,,,Chennai,Electronics,1546.62,2023-07-24,5.0,5,False,7,Jul,1469.29,
CUST00204,47,Female,Hyderabad,Grocery,605.82,2023-09-28,3.75,10,False,9,Sep,545.24,46–55
CUST01116,39,Male,Lucknow,Sports,2831.56,2023-04-26,4.5,25,False,4,Apr,2123.67,36–45
CUST00431,,,Delhi,Grocery,5153.62,2023-01-05,4.5,25,False,1,Jan,3865.22,
CUST00028,39,Male,Mumbai,Clothing,251.53,2023-04-23,4.5,0,True,4,Apr,251.53,36–45
CUST00231,26,Female,Mumbai,Beauty,734.82,2023-02-06,3.0,0,False,2,Feb,734.82,26–35
CUST00370,25,Male,Lucknow,Home & Kitchen,2247.63,2023-02-21,4.0,0,False,2,Feb,2247.63,18–25
CUST00053,26,Male,Lucknow,Beauty,532.57,2023-07-13,5.0,0,False,7,Jul,532.57,26–35
CUST00991,37,Male,Mumbai,Electronics,3500.25,2023-02-06,2.5,0,False,2,Feb,3500.25,36–45
CUST00946,22,Male,Chennai,Sports,1221.6,2023-10-13,3.5,30,False,10,Oct,855.12,18–25
CUST01090,32,Female,Delhi,Electronics,3578.62,2023-11-15,1.5,0,False,11,Nov,3578.62,26–35
CUST00075,18,Male,Mumbai,Sports,2065.54,2023-07-06,2.0,0,True,7,Jul,2065.54,18–25
CUST00047,29,Female,Kolkata,Sports,3221.46,2023-11-06,3.0,25,False,11,Nov,2416.1,26–35
CUST00197,24,Male,Bangalore,Beauty,1345.3,2023-03-06,2.0,10,False,3,Mar,1210.77,18–25
CUST00221,62,Female,Bangalore,Books,1178.56,2023-04-26,4.5,0,False,4,Apr,1178.56,55+
CUST01150,24,Male,Mumbai,Sports,934.42,2023-12-04,5.0,25,False,12,Dec,700.82,18–25
CUST01168,41,Female,Jaipur,Toys,890.98,2023-04-30,3.0,10,False,4,Apr,801.88,36–45
CUST00127,23,Male,Kolkata,Beauty,3901.98,2023-07-24,5.0,0,False,7,Jul,3901.98,18–25
CUST00681,43,Male,Chennai,Books,881.84,2023-01-04,4.0,20,True,1,Jan,705.47,36–45
CUST00454,41,Female,Jaipur,Books,709.15,2023-07-01,5.0,10,False,7,Jul,638.24,36–45
CUST00065,44,Non-binary,Chennai,Electronics,1903.34,2023-12-05,2.0,5,False,12,Dec,1808.17,36–45
CUST00378,37,Female,Chennai,Toys,244.01,2023-02-05,4.0,15,False,2,Feb,207.41,36–45
CUST00953,19,Male,,Beauty,4393.67,2023-07-14,5.0,0,False,7,Jul,4393.67,18–25
CUST00792,37,Female,Ahmedabad,Toys,1357.29,2023-09-17,3.5,10,False,9,Sep,1221.56,36–45
CUST00968,56,Female,Hyderabad,Electronics,6522.18,2023-05-16,4.5,20,False,5,May,5217.74,55+
CUST01112,37,Female,Jaipur,Books,2257.855,2023-01-08,4.0,10,False,1,Jan,2032.07,36–45
CUST00677,21,Female,Hyderabad,Books,50.0,2023-01-11,4.5,0,False,1,Jan,50.0,18–25
CUST01134,40,Female,Lucknow,Beauty,4511.81,2023-07-16,4.5,10,True,7,Jul,4060.63,36–45
CUST00334,26,Female,Lucknow,Clothing,5165.29,2023-02-04,2.0,15,False,2,Feb,4390.5,26–35
CUST00594,39,Female,Kolkata,Home & Kitchen,1945.64,2023-11-09,3.0,5,False,11,Nov,1848.36,36–45
CUST01054,35,Male,Kolkata,Electronics,139.66,2023-09-09,4.5,10,False,9,Sep,125.69,26–35
CUST01194,38,Female,Hyderabad,Toys,638.46,2023-03-21,5.0,0,False,3,Mar,638.46,36–45
CUST00521,18,Female,Hyderabad,Toys,449.93,2023-01-01,4.0,20,False,1,Jan,359.94,18–25
CUST00063,21,Female,Mumbai,Clothing,5302.31,2023-02-05,3.5,25,False,2,Feb,3976.73,18–25
CUST00219,29,Female,Lucknow,Home & Kitchen,3342.4,2023-03-03,3.0,15,False,3,Mar,2841.04,26–35
CUST00052,30,Male,Lucknow,Toys,5615.3,2023-03-05,5.0,25,False,3,Mar,4211.48,26–35
CUST00358,31,Male,Pune,Books,565.62,2023-07-22,1.5,25,False,7,Jul,424.22,26–35
CUST00457,33,Female,Jaipur,Home & Kitchen,793.46,2023-11-14,4.0,25,False,11,Nov,595.1,26–35
CUST00276,40,Male,Ahmedabad,Toys,3725.07,2023-08-18,4.0,5,False,8,Aug,3538.82,36–45
CUST00972,26,Female,Kolkata,Books,2257.855,2023-05-03,5.0,0,False,5,May,2257.86,26–35
CUST00468,44,Male,Bangalore,Sports,1323.73,2023-05-08,3.0,0,False,5,May,1323.73,36–45
CUST00584,62,Female,Hyderabad,Home & Kitchen,50.0,2023-05-01,2.0,0,False,5,May,50.0,55+
CUST00720,34,Female,Kolkata,Sports,3031.98,2023-07-14,2.0,20,True,7,Jul,2425.58,26–35
CUST00236,42,Non-binary,Pune,Sports,2534.77,2023-02-04,4.0,10,False,2,Feb,2281.29,36–45
CUST00722,18,Male,Bangalore,Grocery,1795.46,2023-04-19,4.0,15,False,4,Apr,1526.14,18–25
CUST00571,35,Female,Ahmedabad,Sports,217.89,2023-04-20,4.5,10,False,4,Apr,196.1,26–35
CUST00757,40,Male,Lucknow,Grocery,6711.58,2023-07-08,4.0,10,False,7,Jul,6040.42,36–45
CUST00617,36,Male,Ahmedabad,Electronics,1593.27,2023-01-26,5.0,5,False,1,Jan,1513.61,36–45
CUST00101,18,Male,Pune,Electronics,3808.47,2023-01-29,4.0,15,False,1,Jan,3237.2,18–25
CUST00484,,,Bangalore,Clothing,2082.92,2023-12-04,4.5,5,False,12,Dec,1978.77,
CUST00183,22,Female,Pune,Electronics,914.12,2023-09-08,3.5,5,False,9,Sep,868.41,18–25
CUST00333,35,Female,Mumbai,Home & Kitchen,2918.98,2023-11-01,5.0,25,False,11,Nov,2189.24,26–35
CUST00875,34,Female,Pune,Clothing,3528.66,2023-06-19,5.0,0,False,6,Jun,3528.66,26–35
CUST00788,40,Female,Kolkata,Clothing,1210.62,2023-08-08,4.5,10,False,8,Aug,1089.56,36–45
CUST01121,48,Female,Hyderabad,Beauty,3354.23,2023-03-20,3.5,20,False,3,Mar,2683.38,46–55
CUST00947,18,Female,Mumbai,Sports,1789.89,2023-08-02,3.0,0,False,8,Aug,1789.89,18–25
CUST00764,35,Male,Ahmedabad,Home & Kitchen,5183.1,2023-02-25,3.5,25,True,2,Feb,3887.32,26–35
CUST00259,40,Female,Mumbai,Home & Kitchen,2707.12,2023-07-01,3.0,20,False,7,Jul,2165.7,36–45
CUST00139,,,Jaipur,Grocery,6402.0,2023-12-15,3.75,10,False,12,Dec,5761.8,
CUST00589,35,Female,Bangalore,Beauty,206.84,2023-03-17,3.5,0,True,3,Mar,206.84,26–35
CUST00922,22,Female,Delhi,Clothing,1957.81,2023-08-29,4.5,0,False,8,Aug,1957.81,18–25
CUST00553,49,Male,Ahmedabad,Sports,6165.41,2023-11-12,4.0,25,False,11,Nov,4624.06,46–55
CUST00959,35,Female,Lucknow,Beauty,4809.72,2023-06-06,2.0,30,False,6,Jun,3366.8,26–35
CUST01035,29,Female,Lucknow,Books,1748.34,2023-04-28,1.0,25,False,4,Apr,1311.26,26–35
CUST01138,20,Female,Hyderabad,Sports,50.0,2023-03-11,2.5,0,False,3,Mar,50.0,18–25
CUST00460,20,Female,Chennai,Grocery,3748.22,2023-03-25,2.0,25,False,3,Mar,2811.16,18–25
CUST00041,43,Female,Ahmedabad,Beauty,1397.41,2023-02-22,3.5,0,False,2,Feb,1397.41,36–45
CUST01058,49,Female,Chennai,Clothing,1789.14,2023-07-29,3.5,10,True,7,Jul,1610.23,46–55
CUST00921,47,Male,Jaipur,Grocery,1613.49,2023-05-26,4.5,15,False,5,May,1371.47,46–55
CUST00073,34,Female,Hyderabad,Beauty,1564.68,2023-08-21,5.0,0,False,8,Aug,1564.68,26–35
CUST01146,35,Female,Kolkata,Beauty,1559.5,2023-05-25,2.5,10,False,5,May,1403.55,26–35
CUST00537,24,Female,Mumbai,Clothing,1934.28,2023-09-17,4.5,20,True,9,Sep,1547.42,18–25
CUST00566,30,Male,Chennai,Sports,5610.55,2023-06-14,4.0,10,False,6,Jun,5049.5,26–35
CUST00033,34,Male,Kolkata,Electronics,659.74,2023-03-23,4.0,25,False,3,Mar,494.8,26–35
CUST00309,41,Male,Mumbai,Books,3516.67,2023-10-12,3.5,0,False,10,Oct,3516.67,36–45
CUST00644,18,Female,Pune,Electronics,5943.14,2023-11-17,2.5,10,False,11,Nov,5348.83,18–25
CUST00916,38,Female,Jaipur,Home & Kitchen,2106.31,2023-11-23,2.5,0,False,11,Nov,2106.31,36–45
CUST00548,32,Female,Bangalore,Books,3935.83,2023-08-04,4.5,0,False,8,Aug,3935.83,26–35
CUST00549,39,Female,Pune,Electronics,2154.47,2023-12-07,4.0,30,False,12,Dec,1508.13,36–45
CUST00192,45,Female,Bangalore,Sports,1336.64,2023-02-10,2.5,15,False,2,Feb,1136.14,36–45
CUST00588,24,Female,,Grocery,5524.06,2023-04-12,4.0,10,True,4,Apr,4971.65,18–25
CUST00458,22,Male,Kolkata,Books,3561.53,2023-03-21,4.0,5,True,3,Mar,3383.45,18–25
CUST00545,18,Male,Chennai,Beauty,569.66,2023-10-11,3.0,10,False,10,Oct,512.69,18–25
CUST00369,36,Male,Chennai,Home & Kitchen,5433.19,2023-10-16,3.0,10,False,10,Oct,4889.87,36–45
CUST00278,27,Male,Jaipur,Beauty,1889.16,2023-08-05,5.0,10,False,8,Aug,1700.24,26–35
CUST00513,32,Male,Mumbai,Home & Kitchen,160.74,2023-03-01,3.5,30,False,3,Mar,112.52,26–35
CUST00319,38,Male,Kolkata,Books,110.33,2023-02-01,4.0,10,False,2,Feb,99.3,36–45
CUST00656,35,Female,Mumbai,Books,107.33,2023-03-12,4.5,0,False,3,Mar,107.33,26–35
CUST00071,39,Non-binary,Mumbai,Sports,2039.89,2023-07-14,3.0,25,False,7,Jul,1529.92,36–45
CUST00777,35,Male,Ahmedabad,Sports,4340.2,2023-05-05,4.5,0,False,5,May,4340.2,26–35
CUST00800,,,Pune,Toys,1123.23,2023-07-05,4.5,0,False,7,Jul,1123.23,
CUST00438,18,Female,Bangalore,Home & Kitchen,210.09,2023-07-09,4.5,0,False,7,Jul,210.09,18–25
CUST01094,35,Female,Pune,Beauty,278.35,2023-01-27,3.5,5,False,1,Jan,264.43,26–35
CUST00413,18,Male,Chennai,Books,314.86,2023-05-09,2.5,10,True,5,May,283.37,18–25
CUST00543,41,Male,Bangalore,Grocery,3735.94,2023-12-23,3.0,5,True,12,Dec,3549.14,36–45
CUST01107,42,Female,Hyderabad,Sports,3647.89,2023-05-03,5.0,20,False,5,May,2918.31,36–45
CUST00133,22,Female,Hyderabad,Electronics,1062.0,2023-02-16,2.5,0,False,2,Feb,1062.0,18–25
CUST00223,43,Female,Hyderabad,Home & Kitchen,1537.91,2023-06-23,3.5,10,False,6,Jun,1384.12,36–45
CUST00872,25,Female,Delhi,Electronics,1227.5,2023-06-26,4.5,0,False,6,Jun,1227.5,18–25
CUST01164,18,Female,Hyderabad,Clothing,1824.32,2023-12-24,5.0,0,False,12,Dec,1824.32,18–25
CUST00082,39,Male,Mumbai,Home & Kitchen,1496.28,2023-12-26,3.0,10,True,12,Dec,1346.65,36–45
CUST00804,29,Female,Bangalore,Electronics,6112.88,2023-03-20,4.0,15,False,3,Mar,5195.95,26–35
CUST00620,37,Male,Bangalore,Home & Kitchen,337.44,2023-03-04,2.5,0,False,3,Mar,337.44,36–45
CUST00116,38,Male,Mumbai,Clothing,1717.73,2023-08-23,2.5,30,False,8,Aug,1202.41,36–45
CUST01197,34,Female,Lucknow,Beauty,2434.89,2023-05-16,2.5,25,False,5,May,1826.17,26–35
CUST00687,32,Female,Kolkata,Sports,2755.08,2023-10-07,3.0,10,False,10,Oct,2479.57,26–35
CUST00918,37,Male,Hyderabad,Sports,561.96,2023-02-22,4.0,15,False,2,Feb,477.67,36–45
CUST00345,29,Male,Delhi,Clothing,4024.48,2023-02-11,3.5,0,False,2,Feb,4024.48,26–35
CUST00330,42,Male,Delhi,Electronics,1775.02,2023-02-11,3.0,0,False,2,Feb,1775.02,36–45
CUST01085,39,Female,Pune,Clothing,50.0,2023-07-31,3.5,0,False,7,Jul,50.0,36–45
CUST00015,18,Male,Kolkata,Books,3791.3,2023-01-16,2.5,0,False,1,Jan,3791.3,18–25
CUST00448,35,Male,Hyderabad,Sports,2674.74,2023-07-03,4.0,20,False,7,Jul,2139.79,26–35
CUST00426,51,Female,Mumbai,Books,1824.94,2023-08-15,4.5,25,False,8,Aug,1368.7,46–55
CUST01140,43,Male,Delhi,Beauty,1334.56,2023-05-22,2.0,10,False,5,May,1201.1,36–45
CUST00884,47,Male,Pune,Sports,4381.93,2023-04-09,3.5,15,False,4,Apr,3724.64,46–55
CUST00958,40,Male,Lucknow,Beauty,289.27,2023-08-08,3.5,0,False,8,Aug,289.27,36–45
CUST00755,23,Male,Hyderabad,Grocery,1797.02,2023-12-25,2.5,25,False,12,Dec,1347.76,18–25
CUST00702,35,Male,Jaipur,Grocery,305.23,2023-08-28,4.0,20,False,8,Aug,244.18,26–35
CUST00505,35,Male,Chennai,Grocery,453.13,2023-02-25,4.5,30,False,2,Feb,317.19,26–35
CUST01068,48,Female,Lucknow,Beauty,268.66,2023-05-28,3.5,0,True,5,May,268.66,46–55
CUST00987,53,Female,Lucknow,Clothing,3347.28,2023-12-28,4.0,15,False,12,Dec,2845.19,46–55
CUST01021,41,Male,Mumbai,Sports,4067.51,2023-05-20,2.5,20,False,5,May,3254.01,36–45
CUST00533,34,Male,Ahmedabad,Toys,68.86,2023-06-10,4.0,10,False,6,Jun,61.97,26–35
CUST00007,35,Female,Hyderabad,Toys,647.19,2023-03-13,4.0,25,False,3,Mar,485.39,26–35
CUST00482,23,Male,Ahmedabad,Electronics,2654.55,2023-04-25,4.0,30,False,4,Apr,1858.18,18–25
CUST01175,25,Male,Pune,Toys,3789.6,2023-07-17,2.5,0,False,7,Jul,3789.6,18–25
CUST00368,35,Non-binary,Bangalore,Toys,3200.97,2023-11-15,3.5,0,False,11,Nov,3200.97,26–35
CUST01196,40,Male,Hyderabad,Books,379.39,2023-08-29,4.5,20,False,8,Aug,303.51,36–45
CUST00931,28,Female,Jaipur,Clothing,333.32,2023-02-03,4.5,0,False,2,Feb,333.32,26–35
CUST01066,21,Female,Chennai,Home & Kitchen,3376.39,2023-12-22,3.5,0,False,12,Dec,3376.39,18–25
CUST00376,25,Male,Kolkata,Books,1098.17,2023-03-09,4.5,0,False,3,Mar,1098.17,18–25
CUST00674,35,Male,Pune,Books,1945.12,2023-07-19,1.5,15,False,7,Jul,1653.35,26–35
CUST00567,18,Female,Mumbai,Toys,2655.41,2023-08-27,3.0,5,True,8,Aug,2522.64,18–25
CUST00027,21,Male,Delhi,Beauty,610.73,2023-08-03,3.5,20,False,8,Aug,488.58,18–25
CUST01179,23,Male,Kolkata,Grocery,169.88,2023-09-11,4.5,5,False,9,Sep,161.39,18–25
CUST00479,,,Pune,Toys,3280.95,2023-06-29,3.0,5,False,6,Jun,3116.9,
CUST00976,,,Jaipur,Clothing,1110.71,2023-03-22,4.0,5,False,3,Mar,1055.17,
CUST00629,35,Male,Chennai,Sports,818.75,2023-08-15,4.5,0,False,8,Aug,818.75,26–35
CUST01184,18,Female,Lucknow,Sports,1605.23,2023-06-19,3.5,15,False,6,Jun,1364.45,18–25
CUST00809,35,Female,Chennai,Electronics,1546.62,2023-05-19,4.0,0,False,5,May,1546.62,26–35
CUST00793,38,Male,Bangalore,Books,3477.54,2023-11-28,5.0,0,True,11,Nov,3477.54,36–45
CUST00099,35,Female,Chennai,Toys,341.59,2023-12-17,5.0,0,False,12,Dec,341.59,26–35
CUST00686,43,Male,Bangalore,Sports,4780.82,2023-10-03,3.5,10,False,10,Oct,4302.74,36–45
CUST00233,35,Female,Mumbai,Beauty,97.96,2023-11-20,5.0,10,False,11,Nov,88.16,26–35
CUST01159,46,Male,Kolkata,Home & Kitchen,320.17,2023-10-06,4.5,20,False,10,Oct,256.14,46–55
CUST01011,50,Female,Chennai,Sports,199.94,2023-11-01,4.5,10,False,11,Nov,179.95,46–55
CUST00029,36,Non-binary,Hyderabad,Grocery,59.81,2023-08-18,2.5,10,False,8,Aug,53.83,36–45
CUST00670,48,Female,Chennai,Toys,826.55,2023-08-01,4.0,15,False,8,Aug,702.57,46–55
CUST00572,55,Female,Chennai,Beauty,5351.51,2023-09-19,4.0,10,False,9,Sep,4816.36,46–55
CUST00905,35,Female,Jaipur,Home & Kitchen,2039.47,2023-01-08,3.5,10,False,1,Jan,1835.52,26–35
CUST00848,64,Male,Mumbai,Sports,1061.15,2023-07-28,4.0,0,False,7,Jul,1061.15,55+
CUST00289,38,Female,Ahmedabad,Electronics,342.69,2023-10-04,5.0,0,False,10,Oct,342.69,36–45
CUST00726,32,Non-binary,Jaipur,Electronics,2640.49,2023-07-14,2.5,25,False,7,Jul,1980.37,26–35
CUST00794,19,Male,Kolkata,Electronics,184.14,2023-06-24,4.0,0,False,6,Jun,184.14,18–25
CUST00782,18,Female,Chennai,Electronics,131.22,2023-11-04,2.0,0,False,11,Nov,131.22,18–25
CUST00865,27,Female,Mumbai,Home & Kitchen,1661.84,2023-06-06,5.0,5,False,6,Jun,1578.75,26–35
CUST00628,33,Female,Mumbai,Grocery,4535.64,2023-06-12,2.5,20,False,6,Jun,3628.51,26–35
CUST00492,52,Male,Lucknow,Sports,722.43,2023-11-25,5.0,30,True,11,Nov,505.7,46–55
CUST01023,34,Male,Lucknow,Electronics,1298.42,2023-10-04,5.0,0,False,10,Oct,1298.42,26–35
CUST00559,39,Female,Chennai,Sports,4865.41,2023-06-05,4.0,0,False,6,Jun,4865.41,36–45
CUST00701,28,Male,Lucknow,Home & Kitchen,2284.35,2023-03-26,5.0,15,False,3,Mar,1941.7,26–35
CUST00945,57,Female,Jaipur,Books,2257.855,2023-03-02,3.0,30,False,3,Mar,1580.5,55+
CUST00079,36,Female,Ahmedabad,Sports,560.78,2023-04-18,5.0,5,False,4,Apr,532.74,36–45
CUST00563,45,Female,Lucknow,Books,2257.855,2023-10-24,4.5,5,False,10,Oct,2144.96,36–45
CUST00996,31,Male,Kolkata,Sports,2377.23,2023-10-29,4.5,5,False,10,Oct,2258.37,26–35
CUST00871,32,Female,Bangalore,Sports,78.61,2023-09-29,4.0,0,False,9,Sep,78.61,26–35
CUST00560,29,Male,Mumbai,Electronics,5914.96,2023-05-27,4.0,15,False,5,May,5027.72,26–35
CUST00016,,,Hyderabad,Clothing,803.29,2023-02-17,1.5,10,True,2,Feb,722.96,
CUST00811,32,Male,Lucknow,Clothing,1908.75,2023-10-03,4.0,10,False,10,Oct,1717.88,26–35
CUST00818,45,Male,Bangalore,Clothing,111.81,2023-05-06,5.0,20,False,5,May,89.45,36–45
CUST00284,20,Male,Bangalore,Sports,2017.44,2023-08-15,3.5,15,True,8,Aug,1714.82,18–25
CUST00077,36,Male,Chennai,Sports,481.85,2023-07-09,4.0,25,False,7,Jul,361.39,36–45
CUST00694,42,Female,Hyderabad,Clothing,88.21,2023-09-06,4.5,0,False,9,Sep,88.21,36–45
CUST00477,41,Female,Delhi,Beauty,1356.62,2023-04-13,1.0,10,False,4,Apr,1220.96,36–45
CUST00660,33,Female,Pune,Sports,4885.84,2023-12-22,2.5,20,False,12,Dec,3908.67,26–35
CUST00765,48,Female,Jaipur,Home & Kitchen,1700.81,2023-10-24,1.5,0,True,10,Oct,1700.81,46–55
CUST00495,53,Male,Delhi,Toys,1852.65,2023-12-14,3.5,0,False,12,Dec,1852.65,46–55
CUST00667,31,Male,Delhi,Sports,3242.7,2023-06-19,4.0,15,False,6,Jun,2756.29,26–35
CUST00286,18,Male,Mumbai,Toys,3446.54,2023-02-20,2.5,15,False,2,Feb,2929.56,18–25
CUST01110,57,Female,Hyderabad,Grocery,4748.61,2023-06-09,4.5,10,False,6,Jun,4273.75,55+
CUST00038,18,Male,Jaipur,Home & Kitchen,366.73,2023-03-21,4.5,5,False,3,Mar,348.39,18–25
CUST00907,18,Female,Kolkata,Beauty,2171.54,2023-10-01,5.0,5,False,10,Oct,2062.96,18–25
CUST01047,42,Female,Pune,Toys,385.43,2023-11-30,5.0,10,False,11,Nov,346.89,36–45
CUST00489,55,Female,Delhi,Grocery,302.87,2023-02-05,2.5,25,False,2,Feb,227.15,46–55
CUST00120,44,Male,Lucknow,Sports,6669.5,2023-05-07,3.5,10,False,5,May,6002.55,36–45
CUST00135,23,Male,Mumbai,Toys,2560.89,2023-02-26,4.0,15,False,2,Feb,2176.76,18–25
CUST00106,39,Male,Kolkata,Beauty,1116.25,2023-05-18,3.5,0,False,5,May,1116.25,36–45
CUST01160,31,Male,Mumbai,Grocery,771.7,2023-07-13,1.0,30,True,7,Jul,540.19,26–35
CUST00734,18,Female,,Clothing,1122.97,2023-01-27,5.0,10,False,1,Jan,1010.67,18–25
CUST01145,32,Female,Pune,Clothing,50.0,2023-01-02,4.5,20,False,1,Jan,40.0,26–35
CUST00126,,,Lucknow,Clothing,4098.78,2023-10-26,4.0,0,False,10,Oct,4098.78,
CUST00828,28,Female,Mumbai,Books,2257.855,2023-06-22,2.5,0,False,6,Jun,2257.86,26–35
CUST00385,25,Male,Chennai,Sports,2056.2,2023-12-27,4.5,15,False,12,Dec,1747.77,18–25
CUST00162,44,Female,Mumbai,Books,2625.99,2023-08-21,3.0,0,True,8,Aug,2625.99,36–45
CUST00850,28,Male,Chennai,Beauty,64.44,2023-10-12,3.0,10,False,10,Oct,58.0,26–35
CUST00490,45,Non-binary,Pune,Home & Kitchen,409.97,2023-05-23,2.0,0,False,5,May,409.97,36–45
CUST00638,35,Female,Jaipur,Home & Kitchen,6963.87,2023-05-13,4.0,0,True,5,May,6963.87,26–35
CUST00374,46,Female,Mumbai,Toys,50.0,2023-09-17,3.5,10,False,9,Sep,45.0,46–55
CUST00442,34,Non-binary,Hyderabad,Toys,3268.78,2023-08-09,3.5,20,False,8,Aug,2615.02,26–35
CUST00570,30,Male,Pune,Sports,2388.22,2023-12-12,5.0,30,False,12,Dec,1671.75,26–35
CUST01075,46,Male,Hyderabad,Toys,1422.1,2023-06-11,4.5,15,False,6,Jun,1208.78,46–55
CUST00758,37,Female,Pune,Clothing,1264.66,2023-03-27,2.0,0,False,3,Mar,1264.66,36–45
CUST00375,60,Female,Jaipur,Home & Kitchen,2416.26,2023-05-16,2.5,25,True,5,May,1812.2,55+
CUST00715,34,Male,Mumbai,Grocery,5576.2,2023-03-11,3.5,15,False,3,Mar,4739.77,26–35
CUST00582,30,Female,Kolkata,Electronics,1394.31,2023-06-21,1.5,10,False,6,Jun,1254.88,26–35
CUST00119,35,Female,Hyderabad,Books,584.6,2023-03-13,5.0,25,False,3,Mar,438.45,26–35
CUST01187,23,Male,Ahmedabad,Toys,7149.7,2023-02-21,3.0,20,False,2,Feb,5719.76,18–25
CUST00641,30,Female,Delhi,Grocery,3883.2,2023-05-22,3.75,0,False,5,May,3883.2,26–35
CUST01001,51,Male,Mumbai,Beauty,1306.85,2023-10-06,4.5,20,False,10,Oct,1045.48,46–55
CUST00581,39,Female,Pune,Grocery,5341.15,2023-11-14,5.0,0,False,11,Nov,5341.15,36–45
CUST01037,20,Male,Jaipur,Electronics,2203.91,2023-10-22,5.0,10,True,10,Oct,1983.52,18–25
CUST00603,45,Male,Kolkata,Sports,1020.7,2023-09-11,4.0,0,False,9,Sep,1020.7,36–45
CUST00128,28,Female,Pune,Home & Kitchen,908.45,2023-07-05,3.5,30,False,7,Jul,635.92,26–35
CUST00657,35,Female,Hyderabad,Sports,3366.76,2023-03-19,4.0,10,False,3,Mar,3030.08,26–35
CUST00819,,,Ahmedabad,Home & Kitchen,1661.84,2023-02-14,5.0,0,False,2,Feb,1661.84,
CUST00658,34,Male,Lucknow,Beauty,6254.93,2023-04-29,3.0,0,False,4,Apr,6254.93,26–35
CUST00400,49,Male,Ahmedabad,Clothing,398.82,2023-10-11,4.5,15,False,10,Oct,339.0,46–55
CUST00175,38,Non-binary,Kolkata,Books,903.41,2023-03-20,4.0,0,False,3,Mar,903.41,36–45
CUST00321,36,Female,Mumbai,Beauty,353.13,2023-01-30,4.5,0,False,1,Jan,353.13,36–45
CUST00994,26,Female,Mumbai,Books,3632.32,2023-05-16,4.0,0,False,5,May,3632.32,26–35
CUST00470,28,Female,Mumbai,Books,5752.3,2023-03-23,4.0,10,False,3,Mar,5177.07,26–35
CUST00961,42,Male,Bangalore,Sports,4692.78,2023-11-14,2.5,0,False,11,Nov,4692.78,36–45
CUST01173,36,Non-binary,Mumbai,Books,5720.73,2023-12-28,2.5,0,False,12,Dec,5720.73,36–45
CUST00595,47,Female,Delhi,Home & Kitchen,3096.78,2023-02-07,2.5,15,False,2,Feb,2632.26,46–55
CUST00080,18,Female,Kolkata,Home & Kitchen,1918.75,2023-12-10,3.5,30,False,12,Dec,1343.12,18–25
CUST00534,35,Male,Chennai,Home & Kitchen,168.57,2023-12-06,2.5,10,False,12,Dec,151.71,26–35
CUST00291,32,Female,Ahmedabad,Toys,6580.63,2023-02-17,3.5,20,False,2,Feb,5264.5,26–35
CUST00371,35,Male,Jaipur,Books,1242.0,2023-02-07,4.5,5,False,2,Feb,1179.9,26–35
CUST00966,52,Male,Bangalore,Clothing,1785.58,2023-11-17,3.5,25,False,11,Nov,1339.18,46–55
CUST00478,38,Female,Delhi,Beauty,753.3,2023-08-24,3.0,0,False,8,Aug,753.3,36–45
CUST00940,28,Male,Chennai,Electronics,1546.62,2023-03-18,4.0,30,False,3,Mar,1082.63,26–35
CUST01065,30,Male,Ahmedabad,Books,708.64,2023-07-30,5.0,15,False,7,Jul,602.34,26–35
CUST00859,28,Non-binary,Ahmedabad,Clothing,1133.73,2023-02-17,4.0,30,True,2,Feb,793.61,26–35
CUST00474,51,Male,Ahmedabad,Books,2053.41,2023-01-20,4.0,0,False,1,Jan,2053.41,46–55
CUST00198,36,Male,Mumbai,Home & Kitchen,1641.29,2023-03-07,3.5,0,False,3,Mar,1641.29,36–45
CUST00186,43,Female,Pune,Clothing,1388.18,2023-07-05,5.0,15,False,7,Jul,1179.95,36–45
CUST00700,,,Bangalore,Books,4450.17,2023-07-27,4.0,25,False,7,Jul,3337.63,
CUST00422,56,Female,Jaipur,Electronics,66.36,2023-03-08,4.0,10,False,3,Mar,59.72,55+
CUST00452,46,Male,Pune,Toys,828.87,2023-12-08,3.0,10,False,12,Dec,745.98,46–55
CUST00257,50,Female,Mumbai,Toys,1075.82,2023-12-04,3.5,30,False,12,Dec,753.07,46–55
CUST00136,53,Male,Ahmedabad,Clothing,4321.69,2023-03-20,2.5,15,False,3,Mar,3673.44,46–55
CUST00771,43,Non-binary,Jaipur,Grocery,1369.71,2023-07-23,4.5,20,True,7,Jul,1095.77,36–45
CUST01078,29,Male,Kolkata,Books,2257.855,2023-03-01,2.5,0,False,3,Mar,2257.86,26–35
CUST00836,37,Male,Pune,Toys,1409.62,2023-05-13,4.5,0,False,5,May,1409.62,36–45
CUST01136,46,Male,Chennai,Toys,1191.44,2023-11-03,4.0,15,False,11,Nov,1012.72,46–55
CUST01152,18,Female,Delhi,Sports,3706.15,2023-03-18,4.5,0,False,3,Mar,3706.15,18–25
CUST00050,18,Male,Jaipur,Sports,206.88,2023-08-24,3.5,0,True,8,Aug,206.88,18–25
CUST01130,38,Female,Ahmedabad,Beauty,149.62,2023-05-05,4.0,30,False,5,May,104.73,36–45
CUST00646,31,Female,Pune,Grocery,2054.96,2023-05-21,3.75,10,False,5,May,1849.46,26–35
CUST00527,18,Female,Hyderabad,Clothing,5291.96,2023-07-06,3.5,0,False,7,Jul,5291.96,18–25
CUST00668,53,Female,Kolkata,Beauty,1889.16,2023-10-05,4.0,20,False,10,Oct,1511.33,46–55
CUST00798,43,Male,Mumbai,Home & Kitchen,2760.87,2023-02-24,3.5,15,False,2,Feb,2346.74,36–45
CUST00463,26,Male,Jaipur,Grocery,85.48,2023-01-13,3.5,10,False,1,Jan,76.93,26–35
CUST00625,54,Male,Chennai,Home & Kitchen,480.57,2023-09-29,3.5,15,False,9,Sep,408.48,46–55
CUST00785,41,Female,Jaipur,Clothing,2314.56,2023-01-22,4.5,20,False,1,Jan,1851.65,36–45
CUST00469,28,Male,Bangalore,Electronics,1066.76,2023-05-17,4.0,0,False,5,May,1066.76,26–35
CUST00034,22,Female,Jaipur,Clothing,1239.46,2023-12-24,5.0,5,False,12,Dec,1177.49,18–25
CUST00417,53,Female,Kolkata,Books,2120.83,2023-08-05,4.5,5,False,8,Aug,2014.79,46–55
CUST00248,27,Female,Kolkata,Sports,221.51,2023-10-20,3.5,10,False,10,Oct,199.36,26–35
CUST00611,42,Female,Hyderabad,Clothing,1496.19,2023-08-06,4.0,5,False,8,Aug,1421.38,36–45
CUST00813,35,Male,Bangalore,Beauty,50.0,2023-08-27,3.5,20,False,8,Aug,40.0,26–35
CUST01109,27,Male,Kolkata,Books,4317.46,2023-03-23,5.0,25,False,3,Mar,3238.1,26–35
CUST00909,42,Male,Bangalore,Home & Kitchen,1467.66,2023-05-21,3.0,25,False,5,May,1100.75,36–45
CUST00217,25,Female,Bangalore,Grocery,406.44,2023-09-22,2.0,0,False,9,Sep,406.44,18–25
CUST00695,42,Male,Jaipur,Books,2185.51,2023-01-15,4.0,0,False,1,Jan,2185.51,36–45
CUST00952,39,Male,Ahmedabad,Electronics,1308.87,2023-09-25,4.0,5,False,9,Sep,1243.43,36–45
CUST00494,24,Female,Jaipur,Toys,2059.41,2023-07-24,2.5,0,False,7,Jul,2059.41,18–25
CUST00465,33,Female,Ahmedabad,Beauty,5922.81,2023-06-20,3.5,30,False,6,Jun,4145.97,26–35
CUST00392,40,Female,Kolkata,Beauty,1889.16,2023-10-11,3.5,15,False,10,Oct,1605.79,36–45
CUST00439,18,Male,,Sports,3254.33,2023-10-26,3.5,0,False,10,Oct,3254.33,18–25
CUST00583,42,Male,Lucknow,Electronics,442.54,2023-02-17,3.5,15,False,2,Feb,376.16,36–45
CUST00327,35,Female,Ahmedabad,Books,3299.41,2023-03-22,4.0,25,False,3,Mar,2474.56,26–35
CUST00717,36,Male,Pune,Clothing,2335.43,2023-04-04,3.0,30,True,4,Apr,1634.8,36–45
CUST00466,32,Non-binary,Hyderabad,Home & Kitchen,374.86,2023-07-30,3.5,0,False,7,Jul,374.86,26–35
CUST00554,38,Male,Mumbai,Home & Kitchen,1903.72,2023-10-19,4.0,30,False,10,Oct,1332.6,36–45
CUST00062,32,Male,Chennai,Beauty,1941.39,2023-12-27,5.0,0,False,12,Dec,1941.39,26–35
CUST00419,49,Female,Jaipur,Toys,509.81,2023-01-23,4.0,0,False,1,Jan,509.81,46–55
CUST00839,46,Female,Pune,Books,1159.75,2023-11-02,4.0,0,False,11,Nov,1159.75,46–55
CUST00831,35,Male,Lucknow,Home & Kitchen,1478.37,2023-06-16,4.0,0,False,6,Jun,1478.37,26–35
CUST00539,47,Male,Mumbai,Electronics,278.65,2023-12-08,4.5,10,False,12,Dec,250.78,46–55
CUST00156,26,Male,Kolkata,Sports,1763.77,2023-11-25,2.0,0,True,11,Nov,1763.77,26–35
CUST00998,42,Female,Bangalore,Toys,1671.76,2023-04-12,2.0,0,False,4,Apr,1671.76,36–45
CUST00682,21,Male,Lucknow,Sports,891.4,2023-06-30,3.5,0,False,6,Jun,891.4,18–25
CUST00083,52,Male,Ahmedabad,Books,3528.14,2023-12-16,4.0,5,False,12,Dec,3351.73,46–55
CUST00649,32,Female,Kolkata,Electronics,1542.12,2023-05-27,5.0,0,False,5,May,1542.12,26–35
CUST00367,37,Male,Delhi,Beauty,1488.29,2023-08-23,3.0,0,False,8,Aug,1488.29,36–45
CUST00349,35,Female,Jaipur,Home & Kitchen,2392.69,2023-10-17,4.5,30,False,10,Oct,1674.88,26–35
CUST00974,27,Male,Bangalore,Beauty,360.93,2023-10-10,3.5,15,False,10,Oct,306.79,26–35
CUST01127,38,Male,Delhi,Grocery,5523.08,2023-08-01,3.0,10,False,8,Aug,4970.77,36–45
CUST00167,44,Male,Mumbai,Clothing,149.81,2023-09-17,4.0,20,False,9,Sep,119.85,36–45
CUST00899,49,Male,Lucknow,Grocery,750.52,2023-04-10,1.5,20,True,4,Apr,600.42,46–55
CUST00547,41,Female,Ahmedabad,Sports,846.17,2023-04-09,4.0,20,True,4,Apr,676.94,36–45
CUST00205,18,Female,Chennai,Clothing,50.0,2023-11-07,4.0,0,True,11,Nov,50.0,18–25
CUST00928,39,Male,Jaipur,Grocery,5099.96,2023-05-10,3.75,15,False,5,May,4334.97,36–45
CUST00606,57,Male,Jaipur,Home & Kitchen,4371.44,2023-03-17,3.5,30,True,3,Mar,3060.01,55+
CUST01126,21,Male,Bangalore,Grocery,555.41,2023-05-20,3.75,10,True,5,May,499.87,18–25
CUST00187,40,Female,Lucknow,Electronics,350.2,2023-06-07,4.0,25,False,6,Jun,262.65,36–45
CUST00142,50,Female,Ahmedabad,Sports,3618.4,2023-02-02,1.5,0,False,2,Feb,3618.4,46–55
CUST00010,41,Male,Mumbai,Sports,1323.44,2023-10-07,2.0,0,False,10,Oct,1323.44,36–45
CUST00011,,,Kolkata,Books,4579.29,2023-02-14,1.5,5,False,2,Feb,4350.33,
CUST00631,18,Male,,Beauty,2961.66,2023-09-16,3.5,15,True,9,Sep,2517.41,18–25
CUST00787,45,Non-binary,Kolkata,Grocery,303.97,2023-09-30,3.0,0,False,9,Sep,303.97,36–45
CUST00556,30,Female,Jaipur,Sports,2975.99,2023-07-27,4.0,5,False,7,Jul,2827.19,26–35
CUST00290,27,Female,Hyderabad,Clothing,1032.23,2023-01-08,2.0,10,True,1,Jan,929.01,26–35
CUST00428,43,Female,Jaipur,Books,7061.99,2023-12-28,4.0,30,False,12,Dec,4943.39,36–45
CUST00709,18,Male,Ahmedabad,Sports,1821.66,2023-10-16,4.0,30,False,10,Oct,1275.16,18–25
CUST01171,44,Male,Lucknow,Toys,4694.29,2023-06-12,3.5,0,False,6,Jun,4694.29,36–45
CUST00759,24,Male,Ahmedabad,Electronics,227.8,2023-11-07,1.0,15,False,11,Nov,193.63,18–25
CUST00926,18,Female,Chennai,Clothing,3201.62,2023-04-05,5.0,20,False,4,Apr,2561.3,18–25
CUST00806,31,Female,Kolkata,Grocery,5172.71,2023-04-01,3.5,30,True,4,Apr,3620.9,26–35
CUST00113,35,Male,Hyderabad,Books,2294.44,2023-09-13,3.0,0,False,9,Sep,2294.44,26–35
CUST01114,35,Female,Lucknow,Home & Kitchen,5303.93,2023-07-28,4.5,25,False,7,Jul,3977.95,26–35
CUST00424,46,Male,Delhi,Toys,4454.97,2023-05-15,3.5,0,False,5,May,4454.97,46–55
CUST00993,32,Male,Bangalore,Beauty,2686.32,2023-04-30,4.5,0,False,4,Apr,2686.32,26–35
CUST01007,45,Female,Jaipur,Books,187.66,2023-02-06,4.5,10,False,2,Feb,168.89,36–45
CUST00462,35,Male,Hyderabad,Books,1671.48,2023-07-31,4.0,10,False,7,Jul,1504.33,26–35
CUST01086,,,Jaipur,Books,456.66,2023-01-28,3.5,0,False,1,Jan,456.66,
CUST00001,40,Male,Kolkata,Clothing,110.96,2023-11-24,2.5,5,True,11,Nov,105.41,36–45
CUST00815,47,Male,Pune,Toys,874.04,2023-10-31,2.5,20,False,10,Oct,699.23,46–55
CUST01163,18,Female,Bangalore,Toys,3708.58,2023-04-07,5.0,20,True,4,Apr,2966.86,18–25
CUST00737,38,Female,Mumbai,Home & Kitchen,377.13,2023-11-29,1.5,15,False,11,Nov,320.56,36–45
CUST00685,20,Male,Jaipur,Grocery,5829.91,2023-08-03,5.0,25,False,8,Aug,4372.43,18–25
CUST00696,31,Non-binary,Lucknow,Toys,1531.2,2023-07-19,4.5,0,False,7,Jul,1531.2,26–35
CUST00412,21,Female,Chennai,Home & Kitchen,3850.38,2023-09-08,4.5,30,False,9,Sep,2695.27,18–25
CUST00323,25,Male,Ahmedabad,Beauty,4256.42,2023-10-27,5.0,20,False,10,Oct,3405.14,18–25
CUST00002,33,Female,Lucknow,Grocery,2507.01,2023-02-27,1.5,15,False,2,Feb,2130.96,26–35
CUST00714,39,Non-binary,Delhi,Home & Kitchen,2302.78,2023-08-08,2.0,15,False,8,Aug,1957.36,36–45
CUST00436,35,Male,Kolkata,Toys,1649.13,2023-10-07,4.5,0,False,10,Oct,1649.13,26–35
CUST00453,23,Female,Kolkata,Toys,758.53,2023-02-22,4.0,10,False,2,Feb,682.68,18–25
CUST00039,19,Female,Jaipur,Home & Kitchen,2969.79,2023-04-21,4.0,0,False,4,Apr,2969.79,18–25
CUST00184,40,Female,Jaipur,Sports,2444.72,2023-01-10,5.0,15,False,1,Jan,2078.01,36–45
CUST00218,32,Male,Hyderabad,Electronics,981.41,2023-08-20,3.5,10,False,8,Aug,883.27,26–35
CUST00939,37,Male,Ahmedabad,Books,1651.25,2023-03-19,3.0,15,False,3,Mar,1403.56,36–45
CUST00307,50,Female,Delhi,Electronics,6281.0,2023-08-05,1.5,0,False,8,Aug,6281.0,46–55
CUST00980,,,Delhi,Toys,1531.2,2023-12-19,4.5,20,False,12,Dec,1224.96,
CUST00550,35,Male,Delhi,Toys,2516.79,2023-07-14,2.5,30,False,7,Jul,1761.75,26–35
CUST00314,44,Male,Lucknow,Books,2668.96,2023-06-01,3.5,0,False,6,Jun,2668.96,36–45
CUST00889,42,Female,Chennai,Books,1217.41,2023-04-05,4.0,10,False,4,Apr,1095.67,36–45
CUST00332,35,Male,Lucknow,Clothing,2081.15,2023-02-05,4.5,20,False,2,Feb,1664.92,26–35
CUST00111,18,Male,Kolkata,Toys,1264.52,2023-04-19,3.0,15,False,4,Apr,1074.84,18–25
CUST01004,27,Female,Ahmedabad,Sports,294.14,2023-03-18,4.5,0,False,3,Mar,294.14,26–35
CUST00989,32,Male,Lucknow,Toys,3372.27,2023-12-26,3.5,0,False,12,Dec,3372.27,26–35
CUST00892,41,Female,Lucknow,Clothing,418.52,2023-09-05,3.5,0,False,9,Sep,418.52,36–45
CUST00578,44,Male,Bangalore,Toys,2755.95,2023-09-21,4.0,15,False,9,Sep,2342.56,36–45
CUST01028,36,Male,Lucknow,Clothing,2557.44,2023-01-21,3.0,0,True,1,Jan,2557.44,36–45
CUST00434,35,Female,Mumbai,Clothing,4056.86,2023-12-20,4.0,30,False,12,Dec,2839.8,26–35
CUST00164,25,Male,Pune,Sports,158.28,2023-05-15,3.5,0,False,5,May,158.28,18–25
CUST00264,22,Female,Pune,Clothing,3613.76,2023-12-11,4.5,10,False,12,Dec,3252.38,18–25
CUST00232,37,Male,Delhi,Sports,4595.11,2023-12-29,5.0,0,False,12,Dec,4595.11,36–45
CUST00303,43,Non-binary,Mumbai,Electronics,841.85,2023-07-19,4.5,5,False,7,Jul,799.76,36–45
CUST00176,44,Female,Kolkata,Clothing,266.31,2023-07-11,4.5,15,False,7,Jul,226.36,36–45
CUST00786,47,Male,Chennai,Sports,2900.61,2023-06-27,5.0,0,False,6,Jun,2900.61,46–55
CUST00150,38,Female,Bangalore,Home & Kitchen,363.05,2023-01-06,4.5,20,False,1,Jan,290.44,36–45
CUST01195,18,Female,Lucknow,Toys,544.87,2023-02-08,2.5,10,False,2,Feb,490.38,18–25
CUST00072,53,Female,Delhi,Beauty,3279.36,2023-05-23,3.5,0,False,5,May,3279.36,46–55
CUST00169,32,Female,Kolkata,Books,148.79,2023-11-17,3.5,10,False,11,Nov,133.91,26–35
CUST00456,25,Female,Hyderabad,Sports,717.69,2023-07-28,5.0,25,False,7,Jul,538.27,18–25
CUST00090,41,Male,Kolkata,Clothing,413.41,2023-05-06,4.5,20,False,5,May,330.73,36–45
CUST00118,20,Male,Chennai,Books,4766.66,2023-05-16,4.0,10,False,5,May,4289.99,18–25
CUST00997,56,Male,Jaipur,Home & Kitchen,231.95,2023-12-05,2.5,10,False,12,Dec,208.76,55+
CUST00322,42,Male,Mumbai,Grocery,3236.38,2023-01-26,3.75,10,False,1,Jan,2912.74,36–45
CUST00963,37,Female,Lucknow,Clothing,161.23,2023-11-09,3.5,0,False,11,Nov,161.23,36–45
CUST00335,,,Jaipur,Beauty,2528.51,2023-12-12,4.0,5,False,12,Dec,2402.08,
CUST00908,43,Female,Hyderabad,Home & Kitchen,374.72,2023-03-06,4.5,20,False,3,Mar,299.78,36–45
CUST00242,33,Female,Hyderabad,Toys,1826.65,2023-05-23,4.5,0,False,5,May,1826.65,26–35
CUST00703,26,Male,Pune,Sports,246.4,2023-03-07,4.0,15,False,3,Mar,209.44,26–35
CUST00876,56,Female,Lucknow,Toys,1533.64,2023-06-30,4.0,0,False,6,Jun,1533.64,55+
CUST00693,22,Non-binary,Ahmedabad,Beauty,3956.73,2023-08-12,3.5,0,False,8,Aug,3956.73,18–25
CUST00271,52,Male,Kolkata,Grocery,1764.4,2023-02-25,3.0,10,False,2,Feb,1587.96,46–55
CUST00112,34,Male,Kolkata,Grocery,1481.91,2023-12-02,4.0,10,False,12,Dec,1333.72,26–35
CUST00596,28,Female,Ahmedabad,Beauty,943.47,2023-08-22,4.0,10,False,8,Aug,849.12,26–35
CUST00517,41,Male,Pune,Grocery,133.39,2023-05-11,2.0,0,False,5,May,133.39,36–45
CUST00227,35,Male,Chennai,Beauty,3865.02,2023-04-28,3.0,10,False,4,Apr,3478.52,26–35
CUST00497,22,Male,Hyderabad,Electronics,4917.78,2023-06-19,4.5,15,False,6,Jun,4180.11,18–25
CUST00499,24,Female,Mumbai,Home & Kitchen,175.17,2023-03-01,1.0,30,False,3,Mar,122.62,18–25
CUST00853,27,Male,Ahmedabad,Beauty,1041.08,2023-09-01,3.0,0,False,9,Sep,1041.08,26–35
CUST01056,26,Female,Ahmedabad,Beauty,955.3,2023-08-29,4.5,0,False,8,Aug,955.3,26–35
CUST00196,39,Female,Chennai,Beauty,50.0,2023-09-30,4.5,5,False,9,Sep,47.5,36–45
CUST00337,25,Female,Bangalore,Clothing,436.1,2023-07-26,4.5,0,False,7,Jul,436.1,18–25
CUST00801,46,Female,Bangalore,Electronics,2251.42,2023-11-22,4.5,5,False,11,Nov,2138.85,46–55
CUST00894,49,Male,Lucknow,Electronics,1950.6,2023-10-29,1.0,15,False,10,Oct,1658.01,46–55
CUST00830,31,Male,Jaipur,Home & Kitchen,3889.57,2023-09-11,4.0,25,True,9,Sep,2917.18,26–35
CUST00138,35,Female,Hyderabad,Toys,4951.52,2023-03-23,3.0,30,False,3,Mar,3466.06,26–35
CUST00529,38,Female,Lucknow,Books,682.14,2023-02-05,4.0,10,False,2,Feb,613.93,36–45
CUST00508,24,Male,Delhi,Toys,2764.26,2023-06-26,4.0,15,True,6,Jun,2349.62,18–25
CUST00797,34,Male,Hyderabad,Grocery,7106.49,2023-09-08,4.5,10,False,9,Sep,6395.84,26–35
CUST00394,56,Non-binary,Ahmedabad,Sports,1017.06,2023-12-06,3.5,20,False,12,Dec,813.65,55+
CUST00383,18,Female,Lucknow,Grocery,2168.65,2023-08-13,5.0,0,False,8,Aug,2168.65,18–25
CUST00222,18,Female,Bangalore,Grocery,1254.15,2023-02-02,1.5,30,False,2,Feb,877.9,18–25
CUST00678,56,Male,Mumbai,Grocery,1581.39,2023-10-22,3.0,10,False,10,Oct,1423.25,55+
CUST01199,37,Female,Mumbai,Sports,2158.64,2023-11-16,3.5,30,True,11,Nov,1511.05,36–45
CUST00329,42,Female,Pune,Beauty,2231.12,2023-09-18,4.5,20,False,9,Sep,1784.9,36–45
CUST00013,37,Female,Kolkata,Electronics,1090.15,2023-08-05,3.5,15,True,8,Aug,926.63,36–45
CUST00919,29,Female,Delhi,Grocery,1256.89,2023-01-07,4.0,15,False,1,Jan,1068.36,26–35
CUST00084,28,Male,Ahmedabad,Grocery,1067.63,2023-11-28,4.0,25,False,11,Nov,800.72,26–35
CUST00104,25,Female,Chennai,Sports,902.89,2023-06-11,3.0,5,False,6,Jun,857.75,18–25
CUST00310,32,Male,Jaipur,Toys,1542.96,2023-12-05,1.5,5,False,12,Dec,1465.81,26–35
CUST00781,37,Female,Delhi,Beauty,2529.26,2023-12-17,3.5,0,False,12,Dec,2529.26,36–45
CUST00735,47,Female,Hyderabad,Sports,1598.98,2023-06-29,1.5,10,False,6,Jun,1439.08,46–55
CUST01100,39,Non-binary,Chennai,Grocery,1734.87,2023-08-13,4.0,20,True,8,Aug,1387.9,36–45
CUST00181,42,Male,Lucknow,Clothing,4204.62,2023-11-03,3.5,15,False,11,Nov,3573.93,36–45
CUST00886,57,Male,Ahmedabad,Books,850.62,2023-03-03,2.0,0,False,3,Mar,850.62,55+
CUST01169,42,Male,Bangalore,Beauty,2599.39,2023-07-30,3.0,20,False,7,Jul,2079.51,36–45
CUST00498,32,Male,Kolkata,Clothing,3207.67,2023-01-15,2.5,15,False,1,Jan,2726.52,26–35
CUST01005,43,Male,Chennai,Clothing,4128.71,2023-05-17,4.0,0,False,5,May,4128.71,36–45
CUST00328,44,Female,Lucknow,Grocery,1953.51,2023-01-30,4.5,5,False,1,Jan,1855.83,36–45
CUST00661,28,Female,Lucknow,Books,864.05,2023-03-20,4.5,15,False,3,Mar,734.44,26–35
CUST00347,18,Female,Delhi,Sports,2024.68,2023-12-03,2.5,0,False,12,Dec,2024.68,18–25
CUST00211,36,Non-binary,Lucknow,Clothing,290.59,2023-06-09,3.0,5,True,6,Jun,276.06,36–45
CUST00568,22,Male,Hyderabad,Electronics,412.49,2023-08-15,3.5,0,False,8,Aug,412.49,18–25
CUST00143,18,Male,Lucknow,Electronics,480.44,2023-07-17,4.0,25,False,7,Jul,360.33,18–25
CUST00515,28,Female,Hyderabad,Beauty,4104.95,2023-10-23,2.0,5,False,10,Oct,3899.7,26–35
CUST00363,33,Male,Jaipur,Home & Kitchen,911.78,2023-08-23,3.0,15,False,8,Aug,775.01,26–35
CUST00005,32,Male,Ahmedabad,Books,4275.76,2023-05-06,4.0,25,False,5,May,3206.82,26–35
CUST00045,18,Female,Hyderabad,Grocery,343.55,2023-07-03,4.0,0,True,7,Jul,343.55,18–25
CUST00282,,,Delhi,Clothing,866.18,2023-05-08,3.5,30,False,5,May,606.33,
CUST00203,47,Female,Lucknow,Home & Kitchen,1915.96,2023-05-16,2.0,15,False,5,May,1628.57,46–55
CUST00564,35,Male,Chennai,Books,564.17,2023-11-07,1.5,5,False,11,Nov,535.96,26–35
CUST00372,40,Male,Lucknow,Home & Kitchen,1330.22,2023-10-03,4.0,5,True,10,Oct,1263.71,36–45
CUST01022,28,Male,Chennai,Toys,6620.73,2023-09-14,3.5,10,False,9,Sep,5958.66,26–35
CUST00238,37,Male,Jaipur,Toys,5637.29,2023-06-19,4.5,0,True,6,Jun,5637.29,36–45
CUST00955,34,Male,Kolkata,Books,2130.53,2023-08-15,3.0,30,False,8,Aug,1491.37,26–35
CUST00684,40,Female,Chennai,Toys,123.35,2023-07-19,4.0,0,True,7,Jul,123.35,36–45
CUST00274,,,Chennai,Electronics,323.53,2023-04-08,4.0,10,False,4,Apr,291.18,
CUST01036,53,Male,Lucknow,Home & Kitchen,1491.64,2023-12-12,4.0,20,False,12,Dec,1193.31,46–55
CUST00633,33,Male,Jaipur,Clothing,910.73,2023-10-08,4.0,30,False,10,Oct,637.51,26–35
CUST00195,37,Female,Delhi,Books,3666.65,2023-02-05,4.0,10,False,2,Feb,3299.98,36–45
CUST00514,24,Female,Chennai,Sports,1796.18,2023-07-17,3.0,15,False,7,Jul,1526.75,18–25
CUST00615,64,Female,Ahmedabad,Toys,1086.11,2023-09-23,2.0,20,False,9,Sep,868.89,55+
CUST00675,18,Male,Bangalore,Beauty,253.79,2023-10-27,5.0,0,False,10,Oct,253.79,18–25
CUST00210,80,Male,Bangalore,Clothing,1672.86,2023-04-13,3.5,10,False,4,Apr,1505.57,55+
CUST00163,35,Female,Mumbai,Grocery,412.26,2023-01-02,4.0,0,True,1,Jan,412.26,26–35
CUST00636,18,Female,Lucknow,Toys,905.82,2023-09-01,3.5,15,False,9,Sep,769.95,18–25
CUST01018,29,Male,Delhi,Books,874.92,2023-06-05,3.5,0,False,6,Jun,874.92,26–35
CUST00882,28,Female,Pune,Clothing,5482.17,2023-04-29,4.0,15,False,4,Apr,4659.84,26–35
CUST00088,35,Male,Jaipur,Beauty,668.53,2023-03-29,3.5,5,False,3,Mar,635.1,26–35
CUST00346,37,Male,Mumbai,Sports,570.5,2023-08-03,4.0,5,False,8,Aug,541.98,36–45
CUST01013,59,Female,Chennai,Clothing,3955.96,2023-05-28,4.5,10,False,5,May,3560.36,55+
CUST00718,36,Male,Pune,Books,2494.48,2023-01-26,3.0,30,False,1,Jan,1746.14,36–45
CUST00191,29,Female,Hyderabad,Grocery,1146.21,2023-10-18,3.5,15,True,10,Oct,974.28,26–35
CUST00753,23,Female,Ahmedabad,Electronics,4056.13,2023-04-22,4.0,10,False,4,Apr,3650.52,18–25
CUST00179,31,Female,Chennai,Toys,1780.43,2023-09-29,4.5,10,False,9,Sep,1602.39,26–35
CUST00769,27,Female,Delhi,Books,803.03,2023-12-13,5.0,25,False,12,Dec,602.27,26–35
CUST00557,29,Male,Bangalore,Grocery,3940.75,2023-10-08,2.0,10,False,10,Oct,3546.68,26–35
CUST01034,42,Female,Delhi,Books,5487.9,2023-02-16,2.5,10,False,2,Feb,4939.11,36–45
CUST00393,19,Female,Lucknow,Grocery,150.84,2023-06-03,3.5,10,False,6,Jun,135.76,18–25
CUST00621,25,Male,Delhi,Books,2818.9,2023-08-22,4.0,15,False,8,Aug,2396.06,18–25
CUST01198,41,Female,Mumbai,Beauty,3800.39,2023-06-23,5.0,10,False,6,Jun,3420.35,36–45
CUST00852,,,Pune,Sports,2532.71,2023-12-20,4.0,25,False,12,Dec,1899.53,
CUST00745,41,Male,Kolkata,Clothing,579.81,2023-11-15,2.0,15,False,11,Nov,492.84,36–45
CUST00867,38,Male,Mumbai,Sports,1760.29,2023-10-25,1.5,0,False,10,Oct,1760.29,36–45
CUST01048,18,Male,Kolkata,Clothing,3732.99,2023-08-15,3.0,15,False,8,Aug,3173.04,18–25
CUST00847,,,Ahmedabad,Beauty,5520.39,2023-05-04,3.5,0,False,5,May,5520.39,
CUST00512,34,Male,Mumbai,Beauty,1971.02,2023-09-19,4.0,10,False,9,Sep,1773.92,26–35
CUST00944,33,Female,Delhi,Grocery,567.95,2023-05-08,4.5,0,True,5,May,567.95,26–35
CUST00440,34,Male,Jaipur,Sports,1715.24,2023-10-10,4.0,0,False,10,Oct,1715.24,26–35
CUST00729,28,Male,Chennai,Books,2257.855,2023-05-10,2.0,5,False,5,May,2144.96,26–35
CUST00472,18,Male,Kolkata,Clothing,2725.05,2023-02-25,4.5,0,True,2,Feb,2725.05,18–25
CUST00399,33,Non-binary,Pune,Sports,1450.43,2023-02-24,4.0,30,False,2,Feb,1015.3,26–35
CUST00981,44,Female,Ahmedabad,Books,50.0,2023-11-01,4.5,10,False,11,Nov,45.0,36–45
CUST00036,20,Female,Mumbai,Electronics,1716.75,2023-06-24,2.0,0,False,6,Jun,1716.75,18–25
CUST00206,23,Female,Bangalore,Home & Kitchen,690.05,2023-08-05,3.5,10,True,8,Aug,621.04,18–25
CUST00609,18,Male,Kolkata,Toys,382.8,2023-01-03,5.0,0,False,1,Jan,382.8,18–25
CUST01076,29,Male,Delhi,Electronics,6018.29,2023-05-10,4.5,15,False,5,May,5115.55,26–35
CUST00857,25,Male,Bangalore,Home & Kitchen,2826.19,2023-08-18,5.0,25,False,8,Aug,2119.64,18–25
CUST00044,31,Male,Mumbai,Books,2257.855,2023-02-19,5.0,0,False,2,Feb,2257.86,26–35
CUST00262,35,Male,Kolkata,Sports,258.95,2023-08-28,5.0,0,False,8,Aug,258.95,26–35
CUST00863,53,Male,Jaipur,Grocery,2914.08,2023-12-21,3.75,5,False,12,Dec,2768.38,46–55
CUST00430,18,Female,Hyderabad,Clothing,1403.79,2023-10-15,4.0,0,True,10,Oct,1403.79,18–25
CUST00229,26,Female,Lucknow,Toys,2912.96,2023-04-23,4.5,0,True,4,Apr,2912.96,26–35
CUST00725,37,Male,Chennai,Toys,1671.95,2023-06-22,4.5,30,False,6,Jun,1170.36,36–45
CUST00006,32,Female,Lucknow,Grocery,5389.87,2023-04-25,4.0,25,False,4,Apr,4042.4,26–35
CUST00035,44,Male,,Home & Kitchen,2256.44,2023-08-05,3.5,15,False,8,Aug,1917.97,36–45
CUST00838,23,Male,Chennai,Electronics,2181.87,2023-05-24,3.0,0,False,5,May,2181.87,18–25
CUST01151,23,Male,Chennai,Sports,3717.96,2023-09-08,3.0,15,False,9,Sep,3160.27,18–25
CUST00586,37,Male,Kolkata,Home & Kitchen,1873.76,2023-06-08,4.5,0,False,6,Jun,1873.76,36–45
CUST00728,39,Male,Delhi,Beauty,2294.8,2023-08-04,2.0,0,False,8,Aug,2294.8,36–45
CUST00630,48,Female,,Sports,2574.22,2023-11-10,3.0,10,False,11,Nov,2316.8,46–55
CUST01144,36,Male,Mumbai,Grocery,2260.48,2023-05-17,2.5,10,False,5,May,2034.43,36–45
CUST00313,35,Female,,Sports,3745.27,2023-04-08,4.0,30,False,4,Apr,2621.69,26–35
CUST00174,39,Male,Pune,Books,323.52,2023-04-12,4.0,0,False,4,Apr,323.52,36–45
CUST00095,30,Male,Hyderabad,Clothing,1839.92,2023-11-24,3.5,15,False,11,Nov,1563.93,26–35
CUST00552,33,Female,,Books,1260.33,2023-03-31,2.5,5,False,3,Mar,1197.31,26–35
CUST00789,34,Male,Lucknow,Grocery,1523.1,2023-12-05,4.5,20,False,12,Dec,1218.48,26–35
CUST00832,23,Female,Pune,Clothing,4003.43,2023-04-04,3.0,0,True,4,Apr,4003.43,18–25
CUST00826,52,Female,Mumbai,Books,1405.0,2023-12-09,4.0,15,False,12,Dec,1194.25,46–55
CUST00420,35,Female,Jaipur,Home & Kitchen,1124.47,2023-01-02,4.0,0,False,1,Jan,1124.47,26–35
CUST00748,25,Male,Chennai,Home & Kitchen,50.0,2023-03-06,2.5,0,False,3,Mar,50.0,18–25
CUST00509,35,Male,Hyderabad,Electronics,1551.12,2023-06-10,2.0,0,False,6,Jun,1551.12,26–35
CUST00711,37,Male,Delhi,Toys,952.96,2023-01-14,4.0,0,False,1,Jan,952.96,36–45
CUST01033,39,Male,Lucknow,Books,327.89,2023-01-14,3.5,10,False,1,Jan,295.1,36–45
CUST00608,20,Female,Delhi,Home & Kitchen,685.68,2023-12-19,3.5,20,True,12,Dec,548.54,18–25
CUST00388,57,Male,Hyderabad,Grocery,4086.75,2023-12-01,4.5,30,True,12,Dec,2860.72,55+
CUST00094,,,Bangalore,Toys,4613.43,2023-05-19,4.0,15,False,5,May,3921.42,
CUST00752,18,Male,Pune,Grocery,1034.48,2023-10-16,5.0,0,False,10,Oct,1034.48,18–25
CUST00917,42,Male,Kolkata,Beauty,2423.31,2023-09-09,4.5,25,False,9,Sep,1817.48,36–45
CUST00652,48,Male,Jaipur,Sports,1196.71,2023-06-21,4.5,5,False,6,Jun,1136.87,46–55
CUST00149,41,Male,Chennai,Toys,65.38,2023-10-11,5.0,10,False,10,Oct,58.84,36–45
CUST00754,47,Female,Bangalore,Electronics,2121.86,2023-08-27,5.0,20,True,8,Aug,1697.49,46–55
CUST00483,35,Male,Delhi,Toys,551.92,2023-01-13,1.0,25,False,1,Jan,413.94,26–35
CUST00403,35,Male,Kolkata,Beauty,231.93,2023-05-25,1.0,10,False,5,May,208.74,26–35
CUST00250,39,Male,Jaipur,Sports,187.04,2023-08-31,5.0,10,False,8,Aug,168.34,36–45
CUST00341,25,Female,Bangalore,Home & Kitchen,3240.78,2023-10-24,2.0,25,False,10,Oct,2430.58,18–25
CUST00957,39,Male,Hyderabad,Books,559.34,2023-10-29,3.5,10,False,10,Oct,503.41,36–45
CUST00201,39,Male,Hyderabad,Grocery,3570.81,2023-10-09,5.0,0,False,10,Oct,3570.81,36–45
CUST00890,48,Female,Hyderabad,Books,1040.26,2023-04-09,3.0,20,False,4,Apr,832.21,46–55
CUST00092,46,Female,Lucknow,Books,6543.27,2023-08-25,1.0,20,False,8,Aug,5234.62,46–55
CUST00733,39,Female,Mumbai,Home & Kitchen,733.89,2023-10-04,4.0,0,False,10,Oct,733.89,36–45
CUST00541,45,Female,Ahmedabad,Sports,4316.38,2023-06-17,4.5,10,False,6,Jun,3884.74,36–45
CUST00692,48,Male,Mumbai,Grocery,684.48,2023-05-20,4.0,15,False,5,May,581.81,46–55
CUST00585,37,Female,Pune,Books,2051.06,2023-12-11,4.0,20,False,12,Dec,1640.85,36–45
CUST00443,18,Male,Pune,Electronics,3625.89,2023-03-07,4.0,0,True,3,Mar,3625.89,18–25
CUST00610,52,Male,Hyderabad,Grocery,1069.05,2023-02-24,3.5,0,False,2,Feb,1069.05,46–55
CUST00411,43,Male,Lucknow,Grocery,2527.72,2023-09-16,3.0,0,False,9,Sep,2527.72,36–45
CUST00948,26,Male,Chennai,Home & Kitchen,1694.79,2023-11-07,3.0,0,False,11,Nov,1694.79,26–35
CUST01070,39,Female,Jaipur,Grocery,788.12,2023-07-25,3.75,0,False,7,Jul,788.12,36–45
CUST00569,18,Male,Hyderabad,Toys,1450.99,2023-08-15,4.0,5,False,8,Aug,1378.44,18–25
CUST00933,35,Male,Lucknow,Grocery,806.61,2023-09-09,5.0,25,True,9,Sep,604.96,26–35
CUST01192,18,Male,Mumbai,Beauty,196.54,2023-07-29,2.5,15,False,7,Jul,167.06,18–25
CUST00688,30,Male,Kolkata,Home & Kitchen,2248.72,2023-11-05,3.5,0,False,11,Nov,2248.72,26–35
CUST00336,33,Male,Bangalore,Clothing,3579.5,2023-05-01,3.5,25,False,5,May,2684.62,26–35
CUST00643,31,Female,,Toys,753.73,2023-09-06,4.0,5,False,9,Sep,716.04,26–35
CUST00315,50,Male,Lucknow,Clothing,1824.32,2023-04-22,1.5,0,False,4,Apr,1824.32,46–55
CUST00783,35,Male,Kolkata,Home & Kitchen,744.69,2023-03-03,3.0,0,False,3,Mar,744.69,26–35
CUST01071,34,Female,Lucknow,Clothing,4624.19,2023-10-09,3.5,15,False,10,Oct,3930.56,26–35
CUST00507,27,Female,Ahmedabad,Grocery,4742.39,2023-08-11,4.0,10,False,8,Aug,4268.15,26–35
CUST01082,30,Male,Chennai,Electronics,1226.12,2023-12-03,3.5,5,False,12,Dec,1164.81,26–35
CUST00093,26,Male,Jaipur,Electronics,1941.09,2023-07-14,3.0,25,False,7,Jul,1455.82,26–35
CUST00835,34,Male,Mumbai,Clothing,6211.32,2023-07-01,3.5,25,False,7,Jul,4658.49,26–35
CUST00593,40,Male,Ahmedabad,Sports,4274.02,2023-09-01,4.0,0,False,9,Sep,4274.02,36–45
CUST01073,35,Male,Delhi,Home & Kitchen,3888.94,2023-08-21,1.0,15,False,8,Aug,3305.6,26–35
CUST00395,49,Male,Bangalore,Books,3841.6,2023-02-23,4.0,20,False,2,Feb,3073.28,46–55
CUST01079,53,Male,Lucknow,Home & Kitchen,233.83,2023-07-26,2.0,5,False,7,Jul,222.14,46–55
CUST01180,21,Male,Mumbai,Clothing,647.69,2023-01-19,4.0,20,False,1,Jan,518.15,18–25
CUST00576,18,Female,Kolkata,Clothing,1352.19,2023-02-13,4.0,15,False,2,Feb,1149.36,18–25
CUST00574,32,Female,Chennai,Electronics,1759.04,2023-03-28,3.5,30,False,3,Mar,1231.33,26–35
CUST01143,33,Female,Jaipur,Books,1892.55,2023-09-17,3.5,15,False,9,Sep,1608.67,26–35
CUST00279,35,Female,Bangalore,Books,107.14,2023-04-04,3.0,10,False,4,Apr,96.43,26–35
CUST00736,40,Female,Kolkata,Beauty,116.81,2023-04-25,2.0,25,False,4,Apr,87.61,36–45
CUST01067,19,Female,Pune,Grocery,950.48,2023-09-11,5.0,10,False,9,Sep,855.43,18–25
CUST00338,31,Male,Lucknow,Home & Kitchen,1547.69,2023-03-03,2.0,5,False,3,Mar,1470.31,26–35
CUST00228,22,Female,Lucknow,Toys,947.33,2023-10-29,4.0,0,False,10,Oct,947.33,18–25
CUST00699,,,Delhi,Grocery,164.39,2023-12-14,4.0,5,True,12,Dec,156.17,
CUST00009,29,Male,Kolkata,Sports,2017.44,2023-12-13,4.0,20,False,12,Dec,1613.95,26–35
CUST00086,28,Female,Kolkata,Books,3967.36,2023-11-08,4.5,20,False,11,Nov,3173.89,26–35
CUST01030,22,Male,Pune,Books,2312.65,2023-06-15,5.0,5,False,6,Jun,2197.02,18–25
CUST01135,32,Male,Delhi,Sports,50.0,2023-04-08,5.0,25,True,4,Apr,37.5,26–35
CUST00097,38,Female,Lucknow,Toys,233.37,2023-10-13,5.0,20,False,10,Oct,186.7,36–45
CUST00122,24,Male,Chennai,Electronics,4251.82,2023-10-03,4.0,0,False,10,Oct,4251.82,18–25
CUST00157,57,Male,Delhi,Books,1447.37,2023-06-24,2.0,10,False,6,Jun,1302.63,55+
CUST01081,30,Male,Kolkata,Home & Kitchen,1702.13,2023-01-01,5.0,30,False,1,Jan,1191.49,26–35
CUST00977,35,Male,Jaipur,Home & Kitchen,4079.68,2023-01-02,4.0,10,False,1,Jan,3671.71,26–35
CUST00025,28,Female,Lucknow,Clothing,3337.8,2023-12-26,3.5,15,False,12,Dec,2837.13,26–35
CUST00634,29,Male,Kolkata,Clothing,597.69,2023-08-17,4.5,0,True,8,Aug,597.69,26–35
CUST00471,31,Male,Jaipur,Electronics,55.16,2023-12-26,4.0,30,True,12,Dec,38.61,26–35
CUST00558,29,Female,Bangalore,Toys,952.28,2023-01-01,2.5,15,False,1,Jan,809.44,26–35
CUST00724,43,Female,Jaipur,Books,1213.35,2023-06-17,3.5,15,False,6,Jun,1031.35,36–45
CUST00294,45,Male,Ahmedabad,Toys,1414.42,2023-07-28,4.0,15,False,7,Jul,1202.26,36–45
CUST00773,42,Female,Delhi,Home & Kitchen,1661.84,2023-02-08,3.5,20,False,2,Feb,1329.47,36–45
CUST00415,38,Male,Bangalore,Books,4578.37,2023-02-17,5.0,10,False,2,Feb,4120.53,36–45
CUST01128,25,Male,Chennai,Home & Kitchen,847.12,2023-09-05,2.0,15,True,9,Sep,720.05,18–25
CUST01176,31,Female,Mumbai,Toys,1531.2,2023-12-06,3.5,15,False,12,Dec,1301.52,26–35
CUST00165,46,Male,Hyderabad,Clothing,3793.99,2023-09-14,4.5,5,False,9,Sep,3604.29,46–55
CUST00121,44,Female,Jaipur,Toys,309.28,2023-10-15,4.5,15,False,10,Oct,262.89,36–45
CUST00906,35,Female,Lucknow,Home & Kitchen,1066.51,2023-12-29,5.0,10,False,12,Dec,959.86,26–35
CUST00697,38,Male,Hyderabad,Grocery,4839.58,2023-06-22,3.75,0,False,6,Jun,4839.58,36–45
CUST00747,37,Female,Pune,Home & Kitchen,50.0,2023-05-03,2.5,15,False,5,May,42.5,36–45
CUST00311,32,Male,Hyderabad,Beauty,4612.88,2023-09-07,4.0,10,False,9,Sep,4151.59,26–35
CUST00511,38,Female,Ahmedabad,Grocery,2631.52,2023-11-07,3.5,15,False,11,Nov,2236.79,36–45
CUST00912,37,Male,Lucknow,Home & Kitchen,1284.49,2023-10-11,3.0,25,False,10,Oct,963.37,36–45
CUST00810,24,Female,Bangalore,Clothing,171.89,2023-11-12,5.0,20,False,11,Nov,137.51,18–25
CUST00821,28,Male,Pune,Grocery,1050.82,2023-08-19,3.5,5,True,8,Aug,998.28,26–35
CUST00070,27,Male,Chennai,Clothing,2710.58,2023-02-21,5.0,10,False,2,Feb,2439.52,26–35
CUST00784,42,Male,Chennai,Grocery,153.42,2023-10-17,3.5,10,False,10,Oct,138.08,36–45
CUST00524,41,Female,Kolkata,Grocery,1831.73,2023-12-18,3.75,10,False,12,Dec,1648.56,36–45
CUST01172,38,Female,Ahmedabad,Toys,59.69,2023-08-31,4.0,0,False,8,Aug,59.69,36–45
CUST01032,18,Female,Kolkata,Beauty,2609.01,2023-05-09,4.5,10,False,5,May,2348.11,18–25
CUST00805,29,Male,Pune,Grocery,2370.57,2023-08-11,2.5,20,False,8,Aug,1896.46,26–35
CUST00816,18,Female,Pune,Beauty,1663.83,2023-05-18,5.0,0,False,5,May,1663.83,18–25
CUST00124,18,Female,,Books,5258.81,2023-10-27,4.5,0,False,10,Oct,5258.81,18–25
CUST00864,56,Male,Jaipur,Clothing,378.67,2023-05-05,4.0,0,False,5,May,378.67,55+
CUST00059,38,Male,Jaipur,Sports,175.02,2023-07-05,4.5,10,False,7,Jul,157.52,36–45
CUST01161,18,Male,Ahmedabad,Sports,50.0,2023-08-22,4.0,10,False,8,Aug,45.0,18–25
CUST00364,39,Male,Jaipur,Beauty,5231.84,2023-06-11,3.5,10,False,6,Jun,4708.66,36–45
CUST00266,20,Female,Kolkata,Toys,52.92,2023-11-27,4.0,20,False,11,Nov,42.34,18–25
CUST00834,,,Kolkata,Books,4872.13,2023-04-19,4.0,10,False,4,Apr,4384.92,
CUST00381,24,Male,Bangalore,Toys,2570.33,2023-05-26,5.0,10,False,5,May,2313.3,18–25
CUST00605,35,Male,Ahmedabad,Sports,3112.11,2023-05-05,4.0,5,False,5,May,2956.5,26–35
CUST01122,49,Male,Lucknow,Electronics,948.13,2023-09-13,3.5,0,False,9,Sep,948.13,46–55
CUST01091,,,Pune,Beauty,7528.27,2023-09-13,5.0,25,False,9,Sep,5646.2,
CUST00551,36,Female,Mumbai,Grocery,3997.66,2023-12-13,5.0,0,False,12,Dec,3997.66,36–45
CUST00148,19,Female,Bangalore,Grocery,176.52,2023-05-09,3.0,5,False,5,May,167.69,18–25
CUST00252,46,Male,Bangalore,Clothing,50.0,2023-08-31,4.5,5,False,8,Aug,47.5,46–55
CUST00978,18,Female,Hyderabad,Grocery,816.96,2023-07-29,2.5,30,False,7,Jul,571.87,18–25
CUST01153,35,Male,Lucknow,Home & Kitchen,1841.68,2023-08-17,4.0,30,False,8,Aug,1289.18,26–35
CUST00213,46,Male,Ahmedabad,Clothing,1514.57,2023-12-10,3.5,0,False,12,Dec,1514.57,46–55
CUST00441,39,Male,Lucknow,Toys,1435.53,2023-03-17,5.0,0,False,3,Mar,1435.53,36–45
CUST01069,29,Male,Bangalore,Beauty,1889.16,2023-12-06,2.0,30,True,12,Dec,1322.41,26–35
CUST00565,49,Male,Mumbai,Books,509.04,2023-12-02,4.0,5,True,12,Dec,483.59,46–55
CUST00331,34,Male,Chennai,Grocery,882.95,2023-04-06,3.0,25,False,4,Apr,662.21,26–35
CUST00433,35,Male,Delhi,Home & Kitchen,514.8,2023-02-08,2.0,15,False,2,Feb,437.58,26–35
CUST00277,37,Male,Lucknow,Grocery,2581.39,2023-03-13,2.5,20,False,3,Mar,2065.11,36–45
CUST01111,32,Female,Chennai,Electronics,595.62,2023-10-10,3.0,20,True,10,Oct,476.5,26–35
CUST01103,60,Female,Jaipur,Toys,585.77,2023-03-04,4.0,15,False,3,Mar,497.9,55+
CUST01006,39,Female,Hyderabad,Books,7376.32,2023-03-14,3.0,0,False,3,Mar,7376.32,36–45
CUST00292,29,Male,Bangalore,Electronics,635.99,2023-05-02,2.5,10,False,5,May,572.39,26–35
CUST00902,30,Female,Jaipur,Clothing,1048.08,2023-07-04,4.0,25,False,7,Jul,786.06,26–35
CUST00386,36,Male,Ahmedabad,Beauty,2312.62,2023-06-04,4.0,0,False,6,Jun,2312.62,36–45
CUST01050,51,Female,Chennai,Toys,1716.4,2023-04-03,4.0,0,False,4,Apr,1716.4,46–55
CUST00525,25,Male,Jaipur,Electronics,573.16,2023-12-10,4.5,5,False,12,Dec,544.5,18–25
CUST01088,37,Female,Kolkata,Toys,2744.42,2023-09-23,4.5,10,True,9,Sep,2469.98,36–45
CUST00304,42,Female,Ahmedabad,Electronics,4231.33,2023-05-16,5.0,0,False,5,May,4231.33,36–45
CUST00488,22,Male,Pune,Electronics,1075.06,2023-05-23,3.5,20,False,5,May,860.05,18–25
CUST01072,40,Male,Chennai,Sports,939.82,2023-01-19,3.0,0,False,1,Jan,939.82,36–45
CUST01162,62,Male,Mumbai,Home & Kitchen,867.9,2023-06-14,4.5,10,False,6,Jun,781.11,55+
CUST00941,19,Male,Chennai,Books,2221.27,2023-10-16,3.5,25,True,10,Oct,1665.95,18–25
CUST00973,45,Male,Delhi,Clothing,2948.46,2023-03-30,4.0,5,False,3,Mar,2801.04,36–45
CUST00068,47,Male,Jaipur,Toys,2767.77,2023-02-10,3.5,30,True,2,Feb,1937.44,46–55
CUST00020,18,Male,Hyderabad,Grocery,251.03,2023-11-05,4.5,0,False,11,Nov,251.03,18–25
CUST00878,37,Male,Kolkata,Toys,5758.54,2023-08-21,3.0,20,False,8,Aug,4606.83,36–45
CUST00325,22,Female,Hyderabad,Electronics,1762.3,2023-09-15,4.0,0,False,9,Sep,1762.3,18–25
CUST00261,23,Male,Mumbai,Clothing,478.23,2023-07-30,5.0,15,True,7,Jul,406.5,18–25
CUST00131,18,Non-binary,Mumbai,Clothing,476.46,2023-09-18,4.5,20,False,9,Sep,381.17,18–25
CUST00410,41,Female,Mumbai,Home & Kitchen,1367.2,2023-05-16,4.5,10,False,5,May,1230.48,36–45
CUST00401,18,Male,Ahmedabad,Grocery,994.46,2023-03-21,4.0,0,False,3,Mar,994.46,18–25
CUST00190,18,Female,Mumbai,Beauty,541.11,2023-05-04,4.0,0,False,5,May,541.11,18–25
CUST00055,47,Male,Mumbai,Toys,642.58,2023-10-10,3.0,0,False,10,Oct,642.58,46–55
CUST00964,43,Male,Jaipur,Electronics,5373.9,2023-02-20,4.0,0,False,2,Feb,5373.9,36–45
CUST00932,35,Female,Delhi,Home & Kitchen,3952.26,2023-07-25,4.0,0,False,7,Jul,3952.26,26–35
CUST01165,47,Female,Ahmedabad,Sports,1069.64,2023-05-03,4.5,10,False,5,May,962.68,46–55
CUST01106,22,Male,Hyderabad,Beauty,134.44,2023-11-08,4.0,20,False,11,Nov,107.55,18–25
CUST00673,30,Male,Pune,Grocery,3040.84,2023-08-04,5.0,0,True,8,Aug,3040.84,26–35
CUST01158,62,Male,Jaipur,Clothing,4114.68,2023-10-10,4.0,20,False,10,Oct,3291.74,55+
CUST01049,52,Male,Lucknow,Toys,791.61,2023-05-23,2.0,10,True,5,May,712.45,46–55
CUST01003,35,Male,Kolkata,Toys,1072.42,2023-11-28,4.0,20,True,11,Nov,857.94,26–35
CUST00107,57,Female,Pune,Grocery,229.31,2023-02-03,4.5,15,True,2,Feb,194.91,55+
CUST00744,36,Non-binary,Bangalore,Books,823.63,2023-01-11,3.0,5,False,1,Jan,782.45,36–45
CUST01149,54,Male,Bangalore,Clothing,2829.46,2023-10-24,2.0,0,False,10,Oct,2829.46,46–55
CUST00444,33,Male,Ahmedabad,Sports,432.64,2023-01-22,1.0,10,False,1,Jan,389.38,26–35
CUST00750,18,Male,Lucknow,Books,93.53,2023-12-09,3.0,0,False,12,Dec,93.53,18–25
CUST00756,66,Male,Delhi,Grocery,868.54,2023-05-12,3.75,10,False,5,May,781.69,55+
CUST00812,29,Female,Mumbai,Home & Kitchen,383.28,2023-09-05,3.5,15,False,9,Sep,325.79,26–35
CUST00662,28,Female,Bangalore,Clothing,6041.35,2023-12-28,5.0,0,False,12,Dec,6041.35,26–35
CUST00256,29,Female,Bangalore,Books,2257.855,2023-02-19,4.0,20,False,2,Feb,1806.28,26–35
CUST00935,40,Male,Lucknow,Toys,7207.89,2023-10-23,2.5,20,False,10,Oct,5766.31,36–45
CUST00870,59,Male,Pune,Books,99.44,2023-10-11,5.0,20,True,10,Oct,79.55,55+
CUST00893,47,Female,Bangalore,Clothing,2016.97,2023-05-22,4.5,15,False,5,May,1714.42,46–55
CUST00874,26,Male,Bangalore,Electronics,59.07,2023-10-09,4.0,0,True,10,Oct,59.07,26–35
CUST00614,21,Male,Ahmedabad,Books,2425.08,2023-12-23,4.0,20,False,12,Dec,1940.06,18–25
CUST00389,46,Male,Jaipur,Sports,786.16,2023-09-28,3.0,10,False,9,Sep,707.54,46–55
CUST00937,22,Male,Jaipur,Clothing,1552.88,2023-12-18,4.0,0,False,12,Dec,1552.88,18–25
CUST00716,48,Female,Delhi,Sports,1464.68,2023-08-25,2.5,20,False,8,Aug,1171.74,46–55
CUST01024,60,Female,Pune,Books,5914.11,2023-09-10,1.5,20,False,9,Sep,4731.29,55+
CUST01096,34,Male,Chennai,Home & Kitchen,2583.11,2023-05-17,3.5,15,False,5,May,2195.64,26–35
CUST00247,29,Male,Bangalore,Beauty,106.42,2023-03-09,4.5,0,False,3,Mar,106.42,26–35
CUST00146,44,Male,Pune,Toys,395.66,2023-08-28,2.5,20,False,8,Aug,316.53,36–45
CUST01156,47,Male,Pune,Grocery,50.0,2023-06-26,3.0,15,False,6,Jun,42.5,46–55
CUST01139,42,Male,Bangalore,Electronics,332.02,2023-02-05,5.0,10,False,2,Feb,298.82,36–45
CUST00623,57,Female,Delhi,Sports,2898.51,2023-08-26,4.0,10,False,8,Aug,2608.66,55+
CUST00461,58,Female,Mumbai,Home & Kitchen,169.0,2023-04-01,2.0,30,False,4,Apr,118.3,55+
CUST00487,35,Female,Pune,Toys,1531.2,2023-06-18,4.0,0,False,6,Jun,1531.2,26–35
CUST01178,33,Male,Lucknow,Books,902.12,2023-03-19,4.5,15,False,3,Mar,766.8,26–35
CUST00493,35,Male,Jaipur,Electronics,4753.09,2023-09-18,4.0,10,False,9,Sep,4277.78,26–35
CUST00057,35,Female,Delhi,Home & Kitchen,179.88,2023-11-18,5.0,10,True,11,Nov,161.89,26–35
CUST00405,29,Male,Delhi,Electronics,2279.66,2023-04-18,1.5,10,True,4,Apr,2051.69,26–35
CUST01016,37,Male,Ahmedabad,Grocery,189.24,2023-08-28,4.0,20,False,8,Aug,151.39,36–45
CUST00098,38,Female,Pune,Electronics,1546.62,2023-04-23,4.0,5,False,4,Apr,1469.29,36–45
CUST00827,53,Male,Pune,Home & Kitchen,2794.23,2023-07-14,3.5,0,False,7,Jul,2794.23,46–55
CUST00324,60,Female,Chennai,Home & Kitchen,600.44,2023-09-02,3.5,25,False,9,Sep,450.33,55+
CUST01115,36,Male,Lucknow,Beauty,1889.16,2023-02-17,2.0,0,False,2,Feb,1889.16,36–45
CUST00425,42,Male,,Sports,797.32,2023-03-24,3.0,5,False,3,Mar,757.45,36–45
CUST00297,45,Female,Delhi,Home & Kitchen,1661.84,2023-04-20,3.0,0,False,4,Apr,1661.84,36–45
CUST00738,46,Female,Jaipur,Sports,810.22,2023-02-05,3.0,5,True,2,Feb,769.71,46–55
CUST00903,35,Male,Jaipur,Sports,787.63,2023-04-02,4.0,5,False,4,Apr,748.25,26–35
CUST00602,23,Male,Ahmedabad,Toys,4404.28,2023-07-16,2.5,15,False,7,Jul,3743.64,18–25
CUST01000,41,Female,Jaipur,Beauty,1308.69,2023-02-28,4.0,20,False,2,Feb,1046.95,36–45
CUST00396,29,Male,Hyderabad,Beauty,3074.77,2023-03-10,4.5,10,False,3,Mar,2767.29,26–35
CUST01123,42,Male,Kolkata,Electronics,2587.92,2023-05-30,4.5,30,False,5,May,1811.54,36–45
CUST01039,37,Female,Mumbai,Books,186.2,2023-01-11,3.5,10,False,1,Jan,167.58,36–45
CUST00239,27,Male,Pune,Books,2531.11,2023-02-06,4.0,0,False,2,Feb,2531.11,26–35
CUST00845,36,Male,Delhi,Grocery,1407.62,2023-04-08,2.5,10,False,4,Apr,1266.86,36–45
CUST00846,40,Male,Hyderabad,Clothing,384.61,2023-02-13,3.0,30,False,2,Feb,269.23,36–45
CUST00555,39,Female,Lucknow,Books,429.8,2023-06-04,4.0,10,False,6,Jun,386.82,36–45
CUST00546,25,Female,Bangalore,Sports,1852.33,2023-03-07,3.5,5,False,3,Mar,1759.71,18–25
CUST00251,19,Female,Pune,Sports,2017.44,2023-05-05,3.0,5,False,5,May,1916.57,18–25
CUST00740,47,Male,Lucknow,Books,1006.23,2023-01-21,4.0,0,True,1,Jan,1006.23,46–55
CUST00965,33,Male,Chennai,Books,1486.96,2023-04-17,4.5,10,False,4,Apr,1338.26,26–35
CUST00199,35,Male,Lucknow,Home & Kitchen,50.0,2023-12-04,2.5,20,False,12,Dec,40.0,26–35
CUST00898,36,Female,Bangalore,Books,900.03,2023-02-21,4.0,0,False,2,Feb,900.03,36–45
CUST01132,40,Male,Chennai,Toys,1813.46,2023-10-10,3.5,0,False,10,Oct,1813.46,36–45
CUST00990,35,Female,Bangalore,Beauty,385.36,2023-08-21,4.5,0,False,8,Aug,385.36,26–35
CUST01041,55,Male,Delhi,Toys,692.45,2023-05-18,4.0,0,False,5,May,692.45,46–55
CUST00067,34,Female,Bangalore,Clothing,1012.42,2023-05-29,3.0,5,False,5,May,961.8,26–35
CUST01190,23,Male,Kolkata,Grocery,1965.8,2023-01-08,3.5,10,False,1,Jan,1769.22,18–25
CUST00934,18,Male,Mumbai,Grocery,5240.77,2023-02-07,3.5,0,True,2,Feb,5240.77,18–25
CUST00360,25,Female,Ahmedabad,Sports,1146.93,2023-12-10,4.0,5,False,12,Dec,1089.58,18–25
CUST00096,18,Female,Hyderabad,Toys,2442.66,2023-12-19,3.5,20,False,12,Dec,1954.13,18–25
CUST00522,41,Male,Mumbai,Home & Kitchen,1002.0,2023-09-24,4.5,10,False,9,Sep,901.8,36–45
CUST00975,29,Non-binary,Lucknow,Electronics,889.53,2023-02-08,4.0,0,False,2,Feb,889.53,26–35
CUST00362,53,Male,Hyderabad,Books,403.03,2023-06-03,4.0,5,False,6,Jun,382.88,46–55
CUST00485,35,Female,Hyderabad,Grocery,1558.74,2023-04-09,3.5,10,False,4,Apr,1402.87,26–35
CUST00312,,,Kolkata,Sports,3259.4,2023-03-21,1.0,0,False,3,Mar,3259.4,
CUST00843,21,Female,Bangalore,Home & Kitchen,1173.22,2023-01-06,4.0,5,False,1,Jan,1114.56,18–25
CUST00414,50,Female,Mumbai,Clothing,1318.68,2023-01-27,2.5,0,False,1,Jan,1318.68,46–55
CUST00032,57,Male,Mumbai,Grocery,1977.99,2023-01-04,4.0,0,True,1,Jan,1977.99,55+
CUST00766,26,Female,Kolkata,Books,3028.83,2023-01-14,3.5,10,True,1,Jan,2725.95,26–35
CUST00459,28,Female,Kolkata,Toys,1493.41,2023-05-02,4.0,15,False,5,May,1269.4,26–35
CUST00340,28,Female,Lucknow,Toys,708.16,2023-05-07,4.5,20,False,5,May,566.53,26–35
CUST00287,33,Male,Delhi,Home & Kitchen,4175.22,2023-01-26,3.5,25,False,1,Jan,3131.42,26–35
CUST00950,37,Female,Kolkata,Toys,5016.91,2023-11-13,5.0,0,False,11,Nov,5016.91,36–45
CUST00140,20,Female,Delhi,Electronics,1546.62,2023-08-05,4.0,5,False,8,Aug,1469.29,18–25
CUST00849,27,Male,,Electronics,419.45,2023-09-08,4.0,5,False,9,Sep,398.48,26–35
CUST01026,40,Female,Delhi,Toys,1617.74,2023-02-11,4.0,10,False,2,Feb,1455.97,36–45
CUST00901,39,Male,Mumbai,Toys,148.44,2023-04-27,5.0,20,False,4,Apr,118.75,36–45
CUST00732,23,Female,Hyderabad,Beauty,183.93,2023-01-10,4.5,10,False,1,Jan,165.54,18–25
CUST00265,31,Female,Bangalore,Home & Kitchen,769.87,2023-12-01,3.5,10,False,12,Dec,692.88,26–35
CUST00275,23,Male,Lucknow,Grocery,2386.36,2023-10-02,4.0,0,False,10,Oct,2386.36,18–25
CUST01095,43,Male,Jaipur,Clothing,3806.13,2023-04-15,1.5,0,False,4,Apr,3806.13,36–45
CUST00445,19,Male,Bangalore,Grocery,2355.47,2023-06-07,2.0,15,False,6,Jun,2002.15,18–25
CUST00040,37,Male,Mumbai,Grocery,1295.12,2023-06-22,4.5,15,False,6,Jun,1100.85,36–45
CUST00022,32,Male,Chennai,Sports,1502.64,2023-10-15,4.0,0,False,10,Oct,1502.64,26–35
CUST00706,36,Non-binary,Delhi,Books,4419.43,2023-01-14,4.0,0,False,1,Jan,4419.43,36–45
CUST00518,23,Female,Pune,Grocery,3857.7,2023-01-23,2.5,5,False,1,Jan,3664.81,18–25
CUST00355,34,Male,Kolkata,Books,3578.13,2023-06-10,3.5,10,False,6,Jun,3220.32,26–35
CUST00298,38,Male,Ahmedabad,Electronics,688.37,2023-07-25,1.5,5,False,7,Jul,653.95,36–45
CUST00840,32,Female,Bangalore,Clothing,2297.45,2023-12-26,4.0,15,False,12,Dec,1952.83,26–35
CUST00925,49,Female,Bangalore,Books,6004.76,2023-06-24,3.0,0,False,6,Jun,6004.76,46–55
CUST00123,51,Female,Bangalore,Grocery,1197.6,2023-05-15,5.0,10,False,5,May,1077.84,46–55
CUST01092,34,Female,Hyderabad,Books,3031.19,2023-11-17,3.0,30,True,11,Nov,2121.83,26–35
CUST00418,36,Female,Jaipur,Toys,2215.43,2023-05-22,3.5,0,False,5,May,2215.43,36–45
CUST00967,26,Female,Delhi,Toys,2462.71,2023-04-19,4.5,10,False,4,Apr,2216.44,26–35
CUST00158,40,Male,Pune,Sports,279.19,2023-02-27,4.0,0,False,2,Feb,279.19,36–45
CUST01119,37,Female,Kolkata,Sports,2017.44,2023-03-02,3.5,0,False,3,Mar,2017.44,36–45
CUST01064,,,Jaipur,Grocery,50.0,2023-06-18,4.0,30,False,6,Jun,35.0,
CUST00590,24,Male,Delhi,Toys,3287.23,2023-01-13,4.5,0,False,1,Jan,3287.23,18–25
CUST00761,28,Female,Pune,Sports,302.14,2023-02-28,4.0,0,False,2,Feb,302.14,26–35
CUST01063,48,Female,Lucknow,Sports,4571.14,2023-03-24,3.5,0,False,3,Mar,4571.14,46–55
CUST00243,41,Female,Hyderabad,Grocery,406.79,2023-12-09,4.5,10,False,12,Dec,366.11,36–45
CUST00651,57,Male,Bangalore,Electronics,1977.72,2023-05-20,4.0,10,False,5,May,1779.95,55+
CUST00504,41,Male,Jaipur,Sports,1657.5,2023-01-20,4.0,0,False,1,Jan,1657.5,36–45
CUST00923,36,Male,Delhi,Beauty,646.12,2023-09-03,3.5,5,False,9,Sep,613.81,36–45
CUST00160,,,Delhi,Clothing,608.49,2023-08-11,3.0,10,False,8,Aug,547.64,
CUST00883,29,Male,Lucknow,Books,2309.19,2023-03-03,4.0,15,False,3,Mar,1962.81,26–35
CUST00538,30,Male,Hyderabad,Beauty,1721.95,2023-06-08,3.5,0,False,6,Jun,1721.95,26–35
CUST00241,25,Male,Hyderabad,Books,172.44,2023-05-02,3.5,0,False,5,May,172.44,18–25
CUST00014,18,Male,Ahmedabad,Toys,675.82,2023-01-17,4.5,5,False,1,Jan,642.03,18–25
CUST00476,35,Male,Jaipur,Electronics,134.18,2023-04-24,3.0,10,True,4,Apr,120.76,26–35
CUST01182,51,Male,Hyderabad,Clothing,1654.49,2023-09-15,4.0,15,False,9,Sep,1406.32,46–55
CUST00796,47,Female,Delhi,Beauty,1095.38,2023-08-04,3.5,15,True,8,Aug,931.07,46–55
CUST00356,22,Male,Mumbai,Beauty,89.87,2023-05-03,4.0,20,False,5,May,71.9,18–25
CUST01059,41,Female,Lucknow,Electronics,119.96,2023-06-20,4.0,25,False,6,Jun,89.97,36–45
CUST00689,43,Male,Pune,Beauty,5571.07,2023-04-23,1.5,15,False,4,Apr,4735.41,36–45
CUST00185,32,Female,Mumbai,Grocery,1871.87,2023-02-27,2.5,30,False,2,Feb,1310.31,26–35
CUST00824,30,Male,Kolkata,Sports,4670.59,2023-10-19,3.5,10,False,10,Oct,4203.53,26–35
CUST01166,64,Female,Jaipur,Toys,1162.0,2023-10-20,5.0,10,True,10,Oct,1045.8,55+
CUST01002,46,Male,Bangalore,Home & Kitchen,170.72,2023-04-26,3.5,10,False,4,Apr,153.65,46–55
CUST00188,34,Female,Chennai,Beauty,5442.18,2023-05-03,4.0,20,False,5,May,4353.74,26–35
CUST00942,45,Female,Delhi,Home & Kitchen,1176.33,2023-06-05,3.5,10,False,6,Jun,1058.7,36–45
CUST00285,60,Male,Pune,Beauty,2183.21,2023-10-09,2.5,0,False,10,Oct,2183.21,55+
CUST00900,25,Male,,Clothing,541.11,2023-06-01,2.5,0,False,6,Jun,541.11,18–25
CUST00166,39,Male,Bangalore,Books,1539.54,2023-04-02,4.5,10,True,4,Apr,1385.59,36–45
CUST00348,18,Female,Ahmedabad,Toys,3301.93,2023-10-26,4.0,5,False,10,Oct,3136.83,18–25
CUST00299,35,Male,Hyderabad,Sports,323.85,2023-01-31,4.5,0,False,1,Jan,323.85,26–35
CUST00536,35,Male,Lucknow,Beauty,5998.3,2023-06-03,4.0,10,False,6,Jun,5398.47,26–35
CUST00230,43,Female,Chennai,Electronics,1546.62,2023-01-04,5.0,20,False,1,Jan,1237.3,36–45
CUST00042,37,Male,Mumbai,Home & Kitchen,3161.06,2023-02-17,3.5,5,True,2,Feb,3003.01,36–45
CUST00869,42,Male,Lucknow,Sports,1212.11,2023-08-31,4.0,10,False,8,Aug,1090.9,36–45
CUST00749,27,Male,Jaipur,Electronics,618.17,2023-08-31,4.0,5,True,8,Aug,587.26,26–35
CUST01200,51,Male,Jaipur,Electronics,397.38,2023-12-21,4.5,10,False,12,Dec,357.64,46–55
CUST00447,39,Female,Delhi,Home & Kitchen,3479.52,2023-01-21,1.5,0,False,1,Jan,3479.52,36–45
CUST00350,32,Male,Delhi,Grocery,520.71,2023-09-25,4.5,15,False,9,Sep,442.6,26–35
CUST00046,26,Male,Ahmedabad,Toys,274.84,2023-06-26,5.0,0,False,6,Jun,274.84,26–35
CUST00109,38,Male,Bangalore,Clothing,2017.48,2023-10-18,4.5,0,False,10,Oct,2017.48,36–45
CUST00030,31,Male,Mumbai,Sports,2567.86,2023-10-29,4.5,20,False,10,Oct,2054.29,26–35
CUST00182,24,Male,Ahmedabad,Clothing,2387.71,2023-06-15,4.0,0,False,6,Jun,2387.71,18–25
CUST00622,40,Male,Jaipur,Grocery,982.99,2023-03-10,4.0,0,False,3,Mar,982.99,36–45
CUST00635,22,Male,Mumbai,Toys,84.38,2023-03-23,4.0,15,False,3,Mar,71.72,18–25
CUST00105,33,Female,,Toys,763.3,2023-07-25,3.5,15,False,7,Jul,648.8,26–35
CUST00061,,,Mumbai,Books,665.49,2023-04-09,4.0,0,False,4,Apr,665.49,
CUST00659,37,Male,Bangalore,Books,821.39,2023-07-16,4.0,25,False,7,Jul,616.04,36–45
CUST01108,22,Female,Chennai,Beauty,1346.8,2023-12-30,4.0,10,False,12,Dec,1212.12,18–25
CUST00491,34,Male,Kolkata,Grocery,638.25,2023-06-29,4.5,0,False,6,Jun,638.25,26–35
CUST00316,35,Male,Mumbai,Books,1968.79,2023-01-30,4.0,0,False,1,Jan,1968.79,26–35
CUST00382,27,Female,Delhi,Toys,167.63,2023-03-22,2.5,10,False,3,Mar,150.87,26–35
CUST00423,32,Female,Ahmedabad,Home & Kitchen,61.22,2023-11-23,4.0,0,False,11,Nov,61.22,26–35
CUST00751,23,Male,Jaipur,Toys,285.8,2023-02-28,3.5,15,False,2,Feb,242.93,18–25
CUST00446,43,Male,Delhi,Beauty,1889.16,2023-07-06,3.0,10,False,7,Jul,1700.24,36–45
CUST00664,28,Male,Pune,Electronics,4085.69,2023-02-02,4.5,20,False,2,Feb,3268.55,26–35
CUST01025,55,Female,Delhi,Electronics,969.66,2023-08-13,5.0,15,False,8,Aug,824.21,46–55
CUST00780,42,Male,Delhi,Electronics,50.0,2023-06-04,4.0,0,False,6,Jun,50.0,36–45
CUST00627,23,Female,Lucknow,Beauty,644.27,2023-11-01,3.5,5,False,11,Nov,612.06,18–25
CUST01113,45,Male,Kolkata,Clothing,1597.98,2023-10-10,4.0,25,False,10,Oct,1198.49,36–45
CUST01102,18,Male,Delhi,Beauty,1529.84,2023-09-06,4.5,0,True,9,Sep,1529.84,18–25
CUST00269,29,Male,Mumbai,Home & Kitchen,875.47,2023-07-26,3.5,25,False,7,Jul,656.6,26–35
CUST00930,34,Female,Chennai,Grocery,3907.7,2023-02-28,4.5,10,True,2,Feb,3516.93,26–35
CUST01148,18,Male,Bangalore,Books,1829.89,2023-10-28,2.5,15,False,10,Oct,1555.41,18–25
CUST01120,47,Male,Mumbai,Sports,2636.3,2023-11-28,3.0,20,False,11,Nov,2109.04,46–55
CUST00012,29,Male,Kolkata,Books,5757.04,2023-10-30,4.0,5,False,10,Oct,5469.19,26–35
CUST00115,32,Non-binary,Hyderabad,Grocery,6295.39,2023-11-26,3.75,15,False,11,Nov,5351.08,26–35
CUST00844,39,Female,Mumbai,Beauty,456.38,2023-09-22,4.0,10,False,9,Sep,410.74,36–45
CUST00353,35,Female,Bangalore,Beauty,2019.86,2023-04-15,3.0,5,False,4,Apr,1918.87,26–35
CUST00774,46,Male,Ahmedabad,Sports,3129.69,2023-10-31,3.0,10,False,10,Oct,2816.72,46–55
CUST00691,30,Female,Pune,Sports,205.65,2023-04-23,4.5,20,False,4,Apr,164.52,26–35
CUST00791,40,Male,Mumbai,Clothing,322.5,2023-02-05,3.5,5,False,2,Feb,306.38,36–45
CUST00170,25,Male,Mumbai,Toys,2968.9,2023-06-02,4.5,30,False,6,Jun,2078.23,18–25
CUST00240,45,Female,Chennai,Sports,2379.36,2023-09-21,4.0,20,False,9,Sep,1903.49,36–45
CUST01185,23,Female,Mumbai,Home & Kitchen,148.96,2023-02-21,3.5,25,False,2,Feb,111.72,18–25
CUST00074,53,Male,Lucknow,Grocery,155.07,2023-11-22,2.0,10,False,11,Nov,139.56,46–55
CUST01087,47,Male,Bangalore,Sports,3121.08,2023-04-07,4.0,0,False,4,Apr,3121.08,46–55
CUST00762,36,Male,Lucknow,Grocery,1058.65,2023-03-25,3.5,10,False,3,Mar,952.79,36–45
CUST00741,18,Male,Bangalore,Sports,1644.65,2023-01-16,1.5,30,False,1,Jan,1151.25,18–25
CUST00742,35,Male,Delhi,Electronics,1546.62,2023-05-07,5.0,5,False,5,May,1469.29,26–35
CUST00048,47,Male,Jaipur,Grocery,2159.17,2023-05-16,3.75,0,False,5,May,2159.17,46–55
CUST00763,35,Male,Lucknow,Grocery,1770.21,2023-06-09,4.0,20,False,6,Jun,1416.17,26–35
CUST00592,29,Male,Mumbai,Beauty,4882.94,2023-05-06,3.5,0,True,5,May,4882.94,26–35
CUST00808,29,Male,Hyderabad,Sports,321.17,2023-11-30,3.5,0,False,11,Nov,321.17,26–35
CUST01084,59,Female,Delhi,Home & Kitchen,3042.28,2023-08-25,4.0,15,True,8,Aug,2585.94,55+
CUST00506,29,Female,Delhi,Sports,7282.99,2023-11-02,5.0,20,False,11,Nov,5826.39,26–35
CUST01045,32,Male,Bangalore,Sports,2010.2,2023-08-29,4.0,5,True,8,Aug,1909.69,26–35
CUST00193,37,Female,Hyderabad,Books,4393.94,2023-02-13,4.0,15,False,2,Feb,3734.85,36–45
CUST00245,20,Male,Jaipur,Beauty,1794.74,2023-04-20,4.5,0,True,4,Apr,1794.74,18–25
CUST00060,46,Female,Ahmedabad,Beauty,4028.06,2023-10-23,4.5,10,False,10,Oct,3625.25,46–55
CUST00177,35,Male,Hyderabad,Home & Kitchen,2945.45,2023-03-24,3.0,0,True,3,Mar,2945.45,26–35
CUST00450,22,Male,Delhi,Electronics,178.63,2023-12-16,4.0,20,False,12,Dec,142.9,18–25
CUST00056,46,Male,Bangalore,Sports,1096.25,2023-05-31,3.0,15,False,5,May,931.81,46–55
CUST00920,37,Male,Delhi,Grocery,1764.4,2023-10-21,3.0,0,False,10,Oct,1764.4,36–45
CUST01093,43,Female,Hyderabad,Home & Kitchen,884.74,2023-08-15,2.0,5,True,8,Aug,840.5,36–45
CUST01193,35,Male,Delhi,Beauty,1138.01,2023-12-02,3.5,20,False,12,Dec,910.41,26–35
CUST01060,30,Male,Mumbai,Home & Kitchen,808.0,2023-06-14,3.0,15,False,6,Jun,686.8,26–35
CUST00642,55,Female,Chennai,Sports,2733.95,2023-09-24,4.0,10,False,9,Sep,2460.55,46–55
